iast	en	refs
a-kāraḥ	the beginning letter “A”	Gita 10.33
abhaktāya	to those who are not devoted	Gita 18.67
abhayam	courage; fearlessness	Gita 10.4; Gita 16.1
abhaye	without fear	Gita 18.30
abhibhūya	prevails	Gita 14.10
abhidhāsyati	teaches	Gita 18.68
abhidhīyate	is termed as; is described; are said	Gita 13.2; Gita 17.27; Gita 18.11
abhihitā	explained	Gita 2.39
abhijana-vān	having highly placed relatives	Gita 16.15
abhijānanti	realize	Gita 9.24
abhijānāti	knows; know; one comes to know	Gita 4.14; Gita 7.13; Gita 7.25; Gita 18.55
abhijātasya	of those endowed with; of those who possess	Gita 16.3; Gita 16.4
abhijātaḥ	born	Gita 16.5
abhijāyate	arises; take birth	Gita 2.62; Gita 6.41; Gita 13.24
abhikrama	efforts	Gita 2.40
abhimukhāḥ	toward	Gita 11.28
abhimānaḥ	conceit	Gita 16.4
abhinandati	delight in	Gita 2.57
abhipravṛttaḥ	engaged	Gita 4.20
abhiprāyaḥ	The supreme Object of desire sought by all enlightened seekers of liberation	VS · Shloka 93
abhirakṣatu	may He protect us	VS · Shloka 108
abhirataḥ	fulfilling	Gita 18.45
abhisandhāya	motivated by	Gita 17.12
abhitaḥ	from every side	Gita 5.26
abhivijvalanti	blazing	Gita 11.28
abhram	cloud	Gita 6.38
abhyadhikaḥ	greater	Gita 11.43
abhyanunādayan	resounding	Gita 1.19
abhyarcya	by worshipping	Gita 18.46
abhyasūyakāḥ	the demoniac	Gita 16.18
abhyasūyantaḥ	cavilling	Gita 3.32
abhyasūyati	those who are envious	Gita 18.67
abhyutthānam	increase	Gita 4.7
abhyāsa-yoga	by practice of yog	Gita 8.8
abhyāse	even in practice	Gita 12.10
abhyāsena	by practice; discipline	Gita 6.35; Gita 6.44
abhāvayataḥ	for those not united	Gita 2.66
abhāvaḥ	cessation; death	Gita 2.16; Gita 10.4
abhāṣata	he addressed	Gita 11.14
abravīt	instructed	Gita 4.1; Gita 1.2; Gita 1.28
abuddhayaḥ	less intelligent	Gita 7.24
acala-pratiṣṭham	undisturbed	Gita 2.70
acalaḥ	immutable; Completely immovable, steadfast, and unswerving in His nature and protection	Gita 2.24; VS · Shloka 79
acalena	steadily	Gita 8.10
acalā	steadfast	Gita 2.53
acalām	steady	Gita 7.21
acalām śriyam	unshakable prosperity	VS · Phala Śruti 6
acaram	the non- moving; not moving	Gita 11.7; Gita 13.16
acarasya	nonmoving	Gita 11.43
acchedyaḥ	unbreakable	Gita 2.24
acetasaḥ	devoid of discrimination; unaware; senseless	Gita 3.32; Gita 15.11; Gita 17.6
achintyo	Stainless and immaculate, untouched by any sin, impurity, or sorrow	VS · Shloka 89
acintya	inconceivable	Gita 8.9
acintyaḥ	inconceivable	Gita 2.25
acireṇa	without delay	Gita 4.39
acyuta	O Acyuta / infallible one; Krishna, the infallible one; Shree Krishna, the infallible one	Gita 1.21; Gita 11.42; Gita 18.73
acāpalam	lack of fickleness	Gita 16.2
adakṣiṇam	with no remunerations to the priests	Gita 17.13
adambhitvam	freedom from hypocrisy	Gita 13.8
adbhuta	wonderful	Gita 11.10
adbhutam	wondrous; wonderful; astonishing	Gita 11.20; Gita 18.74; Gita 18.76; Gita 18.77
adbhutaḥ	Wondrous, miraculous, and marvelous in His divine forms, deeds, and glories	VS · Shloka 95
adeśa	at the wrong place	Gita 17.22
adhamām	abominable	Gita 16.20
adharma-abhibhavāt	from the prevalence of adharma	Gita 1.41
adharmam	unrighteousness; irreligion	Gita 18.31; Gita 18.32
adharmasya	of unrighteousness	Gita 4.7
adharmaḥ abhibhavati uta	adharma indeed overcomes	Gita 1.40
adhaḥ	down; downward	Gita 14.18; Gita 15.1; Gita 15.2
adhibhūtam	the material manifestation; the ever changing physical manifestation	Gita 8.1; Gita 8.4
adhidaivam	governing principle of the celestial gods; the Lord of the celestial gods	Gita 7.30; Gita 8.1
adhidaivatam	the Lord of the celestial gods	Gita 8.4
adhigacchati	attains; goes; attain	Gita 2.64; Gita 2.71; Gita 4.39; Gita 5.6; Gita 5.24; Gita 6.15; Gita 14.19; Gita 18.49
adhikam	greater	Gita 6.22
adhikaḥ	superior	Gita 6.46
adhikāraḥ	right	Gita 2.47
adhiyajñaḥ	the Lord all sacrificial performances; the Lord of all sacrifices	Gita 8.2; Gita 8.4
adhiṣṭhāya	situated; grouped around	Gita 4.6; Gita 15.9
adhruvam	temporary	Gita 17.18
adhyakṣeṇa	direction	Gita 9.10
adhyayanaiḥ	by study of the Vedas	Gita 11.48
adhyeṣyate	study	Gita 18.70
adhyātma	spiritual	Gita 13.12
adhyātma-cetasā	with the thoughts resting on God	Gita 3.30
adhyātma-nityāḥ	dwelling constantly in the self and God	Gita 15.5
adhyātma-sanjñitam	about spiritual knowledge	Gita 11.1
adhyātma-vidyā	science of spirituality	Gita 10.32
adhyātmam	the individual self; the individual soul; one’s own self	Gita 7.29; Gita 8.1; Gita 8.3
adhātā	Having no creator or master above Himself; self-existent and independent	VS · Shloka 102
adhṛutaḥ	Self-supported and unheld by any external foundation, while holding everything	VS · Shloka 90
adrohaḥ	bearing enmity toward none	Gita 16.3
adya	today; now	Gita 4.3; Gita 11.7; Gita 16.13
adāhyaḥ	incombustible	Gita 2.24
adṛṣṭa	never revealed	Gita 11.6
adṛṣṭa-pūrvam	that which has not been seen before	Gita 11.45
agata asūn	the living	Gita 2.11
agha-āyuḥ	sinful living	Gita 3.16
agham	sins	Gita 3.13
agnau	in the sacrificial fire; in the fire	Gita 4.24; Gita 4.25; Gita 15.12
agni	in the fire	Gita 4.19
agniḥ	fire; the god of fire	Gita 4.37; Gita 6.1; Gita 8.24; Gita 9.16; Gita 11.39; Gita 18.48
agniṣu	in the sacrficial fire; in the fire	Gita 4.26
agrajaḥ	The first-born, primeval Lord who existed prior to all cosmic creation	VS · Shloka 95
ahaitukam	without a reason	Gita 18.22
ahankāra	egotism	Gita 17.5
ahankāra-vimūḍha-ātmā	those who are bewildered by the ego and misidentify themselves with the body	Gita 3.27
ahankāram	egotism; motivated by pride	Gita 16.18; Gita 18.53; Gita 18.59
ahankāraḥ	ego; the ego	Gita 7.4; Gita 13.6
ahankārāt	due to pride	Gita 18.58
ahatvā	not killing	Gita 2.5
ahaḥ-rātra-vidaḥ	those who know his day and night	Gita 8.17
ahaḥ-āgame	at the advent of Brahma’s day; with the advent of day	Gita 8.18; Gita 8.19
ahinsā	non-violence	Gita 13.8; Gita 16.2; Gita 17.14
ahitāḥ	enemies	Gita 2.36; Gita 16.9
ahiṃsā	nonviolence	Gita 10.5
aho bata	alas	Gita 1.45
aikāntikasya	unending	Gita 14.27
airāvatam	Airavata	Gita 10.27
aiśvarya	opulence	Gita 2.43
aiśwaram	divine	Gita 11.3; Gita 9.5; Gita 11.8; Gita 11.9
aiśwarya	luxury	Gita 2.42; Gita 2.44
ajam	unborn; the Unborn	Gita 2.21; Gita 7.25; Gita 10.3; Gita 10.12
ajasram	again and again	Gita 16.19
ajina	a deerskin	Gita 6.11
ajñaḥ	the ignorant	Gita 4.40
ajñāna	ignorance	Gita 16.15; Gita 18.72
ajñāna-jam	born of ignorance	Gita 10.11; Gita 14.8
ajñāna-sambhūtam	born of ignorance	Gita 4.42
ajñānam	ignorance	Gita 5.16; Gita 13.12; Gita 14.16; Gita 14.17; Gita 16.4
ajñānena	by ignorance	Gita 5.15
ajñānām	of the ignorant	Gita 3.26
ajānantaḥ	not understanding; not knowing; those who are unaware (of spiritual paths)	Gita 7.24; Gita 9.11; Gita 13.26
ajānatā	in ignorance	Gita 11.41
akarma	inaction; in inaction	Gita 4.16; Gita 4.18
akarma-kṛt	without action	Gita 3.5
akarmaṇaḥ	than inaction; inaction	Gita 3.8; Gita 4.17
akarmaṇi	in inaction; inaction	Gita 2.47; Gita 4.18
akartāram	non-doer; actionless	Gita 4.13; Gita 13.30
akhilam	all; entire	Gita 4.33; Gita 7.29; Gita 15.12
akledyaḥ	cannot be dampened	Gita 2.24
akriyaḥ	without activity	Gita 6.1
akrodhaḥ	absence of anger	Gita 16.2
akrūraḥ	Completely free from cruelty, ever compassionate and tender toward all living beings	VS · Shloka 98
akuśalam	disagreeable	Gita 18.10
akārya	forbidden action	Gita 16.24
akāryam	wrong conduct	Gita 18.31
akārye	improper action	Gita 18.30
akīrti-karam	leading to disgrace	Gita 2.2
akīrtim	infamy	Gita 2.34
akīrtiḥ	infamy	Gita 2.34
akṛta-buddhitvāt	with impure intellect	Gita 18.16
akṛta-ātmānaḥ	those whose minds are not purified	Gita 15.11
akṛtena	without discharge of duty	Gita 3.18
akṛtsna-vidaḥ	persons without knowledge	Gita 3.29
akṣaraḥ	imperishable; the imperishable	Gita 8.21; Gita 15.16
akṣarāt	to the imperishable	Gita 15.18
akṣarāṇām	amongst all letters	Gita 10.33
akṣayam	unlimited	Gita 5.21
akṣayaḥ	endless	Gita 10.33
akṣi	eyes	Gita 13.14
akṣobhyaḥ	Unshakable and serene, never perturbed by any cosmic turmoil or demonic challenge; Completely unshakeable, unperturbable, and victorious over all cosmic adversaries	VS · Shloka 86; VS · Shloka 107
alasaḥ	slothful	Gita 18.28
aloluptvam	absence of covetousness	Gita 16.2
alpa-buddhayaḥ	of small intellect	Gita 16.9
alpa-medhasām	people of small understanding	Gita 7.23
alpam	fragmental	Gita 18.22
amalān	pure	Gita 14.14
ambhasi	on the water	Gita 2.67
ambhasā	by water	Gita 5.10
ambu-vegāḥ	water waves	Gita 11.28
amedhyam	impure	Gita 17.10
amla	sour	Gita 17.9
amutra	in the next world	Gita 6.40; VS · Phala Śruti 2
amānitvam	humbleness	Gita 13.8
amānī	Free from all material pride and false ego, ever humble in His divine greatness	VS · Shloka 80
amī	these	Gita 11.21; Gita 11.26; Gita 11.28
amūrtimān	Free from any material, karma-generated form (having a form of pure bliss)	VS · Shloka 77
amūrtiḥ	Free from any material, physical form made of prakritic elements (possessing a form of pure bliss)	VS · Shloka 89
amūḍhāḥ	unbewildered	Gita 15.5
amṛta	nectar	Gita 18.37
amṛta-udbhavam	begotten from the churning of the ocean of nectar	Gita 10.27
amṛta-upamam	like nectar	Gita 18.36; Gita 18.38
amṛtam	immortality; nectar	Gita 9.19; Gita 10.18; Gita 13.13; Gita 14.20
amṛtasya	of the immortal	Gita 14.27
amṛtatvāya	for liberation	Gita 2.15
amṛtavapuḥ	Possessing an eternal, immortal transcendental form made of pure consciousness and bliss	VS · Shloka 87
amṛtāśaḥ	He whose food is the immortal nectar of His own boundless bliss (Atmananda)	VS · Shloka 87
anabhisandhāya	without desiring	Gita 17.25
anabhisnehaḥ	unattached	Gita 2.57
anabhiṣvaṅgaḥ	absence of craving	Gita 13.10
anagha	sinless; Arjun, the sinless one	Gita 3.3; Gita 14.6; Gita 15.20
anaham-vādī	free from ego	Gita 18.26
anahankāraḥ	absence of egotism	Gita 13.9
analena	like fire	Gita 3.39
ananta	The limitless One	Gita 11.37
ananta-rūpa	posessor of infinite forms	Gita 11.38
ananta-rūpam	inifinite forms	Gita 11.16
ananta-rūpaḥ	Endowed with infinite, transcendental forms of pure consciousness and beauty	VS · Shloka 100
ananta-vijayam	Anantavijaya	Gita 1.16
ananta-vīrya	infinite power	Gita 11.40
anantaśrīḥ	Possessing boundless, measureless spiritual wealth, beauty, and divine opulence	VS · Shloka 100
anantāḥ	endless	Gita 2.41
ananya-bhāk	exclusive devotion	Gita 9.30
ananya-cetāḥ	without deviation of the mind	Gita 8.14
ananya-manasaḥ	with mind fixed exclusively	Gita 9.13
ananya-yogena	exclusively united	Gita 13.11
ananyayā	without another; unalloyed	Gita 8.22; Gita 11.54
ananyāḥ	always	Gita 9.22; VS · Phala Śruti 30
anapekṣya	by disregarding	Gita 18.25
anasūyantaḥ	free from cavilling	Gita 3.31
anasūyave	nonenvious	Gita 9.1
anasūyaḥ	without envy	Gita 18.71
anavalokayan	not looking	Gita 6.13
anavāptam	to be attained	Gita 3.22
anayoḥ	of these	Gita 2.16
anaśnataḥ	abstaining from eating	Gita 6.16
aneka	after many, many; many; infinite; numerous	Gita 6.45; Gita 11.10; Gita 11.16; Gita 11.24; Gita 16.15; Gita 16.16
anekadhā	many	Gita 11.13
anekamūrtiḥ	Manifesting in countless divine forms while remaining one unfragmented Lord	VS · Shloka 77
anena	by this; by these (sacrifices); this; with these	Gita 3.10; Gita 3.11; Gita 9.10; Gita 11.8
anicchan	unwillingly	Gita 3.36
anirviṇṇa-cetasā	with an undeviating mind	Gita 6.23
anityam	transient	Gita 9.33
anityāḥ	non-permanent	Gita 2.14
anivrutātmā	Ever independent, free from material entanglement and delusion	VS · Shloka 83
aniyamaḥ	The supreme cosmic Law and order governing the universe	VS · Shloka 92
aniṣṭa	undesirable	Gita 13.10
aniṣṭam	unpleasant	Gita 18.12
anna	of food grains	Gita 3.14
annam	foods; The universal Sustenance that nourishes all beings, and the object of spiritual contemplation	Gita 15.14; VS · Shloka 105
annādaḥ	The supreme Consumer of the universe at dissolution and the generous provider of food to all	VS · Shloka 105
annāt	from food	Gita 3.14
anta-gatam	completely destroyed	Gita 7.28
anta-kāle	at the hour of death; at the time of death	Gita 2.72; Gita 8.5
anta-vantaḥ	having an end	Gita 2.18
anta-vat	perishable	Gita 7.23
antaram	space between; the difference	Gita 11.20; Gita 13.35
antare	between	Gita 5.27
antaḥ	conclusion; inner; limit; end; inside; within	Gita 2.16; Gita 6.47; Gita 10.19; Gita 10.20; Gita 10.32; Gita 10.40; Gita 13.16; Gita 15.3; Gita 17.6
antaḥ-jyotiḥ	illumined by the inner light	Gita 5.24
antaḥ-sthāni	situated within	Gita 8.22
antaḥ-sukhaḥ	happy within the self	Gita 5.24
antaḥ-ārāmaḥ	enjoying within the self	Gita 5.24
ante	after; in the end	Gita 7.19; Gita 8.6
antike	very near	Gita 13.16
anubandham	consequences	Gita 18.25
anubandhe	to end	Gita 18.39
anubandhīni	bound	Gita 15.2
anucintayan	constant remembrance	Gita 8.8
anudarśanam	perception	Gita 13.9
anudvega-karam	not causing distress	Gita 17.15
anudvigna-manāḥ	one whose mind is undisturbed	Gita 2.56
anukampā-artham	out of compassion	Gita 10.11
anulepanam	anointed with	Gita 11.11
anumantā	the permitter	Gita 13.23
anupakāriṇe	to one who cannot give in return	Gita 17.20
anupaśyanti	percieve	Gita 15.10
anupaśyati	see	Gita 13.31; Gita 14.19
anuprapannāḥ	follow	Gita 9.21
anurajyate	be enamored	Gita 11.36
anusantatāni	keep growing	Gita 15.2
anusmara	remember	Gita 8.7
anusmaran	remembering	Gita 8.13
anusmaret	always remembers	Gita 8.9
anutiṣṭhanti	abide by; follow	Gita 3.31; Gita 3.32
anuttamam	excellent	Gita 7.24; VS · Phala Śruti 6
anuttamām	the supreme	Gita 7.18
anuvartante	follow	Gita 3.23; Gita 4.11
anuvartate	pursues	Gita 3.21
anuvartayati	follow	Gita 3.16
anuvidhīyate	becomes constantly engaged	Gita 2.67
anuśocanti	lament	Gita 2.11
anuśocitum	to grieve	Gita 2.25
anuśuśruma	we have heard	Gita 1.44
anuśāsitāram	the controller	Gita 8.9
anuṣajjate	is attachment; seek	Gita 6.4; Gita 18.10
anvaśocaḥ	are mourning	Gita 2.11
anviccha	seek	Gita 2.49
anvitāḥ	full of; impelled by	Gita 16.17; Gita 17.5; Gita 9.23; Gita 17.1
anya	to other; other	Gita 7.20; Gita 9.23
anyam	other	Gita 14.19
anyat	another; anything else; else; other	Gita 2.31; Gita 7.2; Gita 11.7; Gita 16.8; Gita 2.42; Gita 7.7
anyathā	contrary	Gita 13.12
anyayā	by the other	Gita 8.26
anyaḥ	other; others; other (world); another; besides; else	Gita 2.29; Gita 4.31; Gita 6.39; Gita 8.20; Gita 11.43; Gita 15.17; Gita 16.15; Gita 18.69
anye	others	Gita 4.26; Gita 9.15; Gita 13.25; Gita 13.26; Gita 17.4; Gita 1.9
anyebhyaḥ	from others	Gita 13.26
anyena	by another	Gita 11.48; Gita 11.47
anyām	another	Gita 7.5
anyān	others	Gita 11.34
anyāni	other	Gita 2.22
anyāyena	by unjust means	Gita 16.12
anādi	beginningless	Gita 13.13
anādim	beginningless	Gita 10.3
anāditvāt	being without beginning	Gita 13.32
anādiḥ	The eternal, beginningless Lord who is the prime cause of all that exists	VS · Shloka 101
anādī	beginningless	Gita 13.20
anāmayam	devoid of sufferings; healthy and full of well-being	Gita 2.51; Gita 14.6
anārambhāt	by abstaining from	Gita 3.4
anārya	crude person	Gita 2.2
anātmanaḥ	of those with unconquered mind	Gita 6.6
anāvṛttim	no return; to non return	Gita 8.23; Gita 8.26
anāśinaḥ	indestructible	Gita 2.18
anāśritaḥ	not desiring	Gita 6.1
anīśvaram	without a God	Gita 16.8
anśa	a part	Gita 10.41
anśaḥ	fragmental part	Gita 15.7
anśena	fraction	Gita 10.42
anśu-mān	radiant	Gita 10.21
apahṛta jñānāḥ	those with deluded intellect	Gita 7.15
apahṛta-cetasām	bewildered in intellect	Gita 2.44
apaiśunam	restraint from fault-finding	Gita 16.2
apalāyanam	not fleeing	Gita 18.43
apamānayoḥ	and dishonor; dishonor	Gita 6.7; Gita 14.25
apanudyāt	drive away	Gita 2.8
aparam	later; any other	Gita 4.4; Gita 6.22
aparaspara	without cause	Gita 16.8
apare	others	Gita 4.25; Gita 4.27; Gita 4.28; Gita 4.29; Gita 4.30; Gita 13.25; Gita 18.3
aparigrahaḥ	free from desires for possessions for enjoyment	Gita 6.10
aparihārye arthe	in this inevitable situation	Gita 2.27
aparimeyām	endless	Gita 16.11
aparyāptam	immeasurable / insufficient—debated	Gita 1.10
aparā	inferior	Gita 7.5
aparājitaḥ	The unconquered One who has never known defeat in any cosmic realm; The eternally undefeated and invincible Lord whom no opposing force can ever conquer	VS · Shloka 76; VS · Shloka 92
aparān	others	Gita 16.14
aparāṇi	others	Gita 2.22
apaśyat	could see	Gita 11.13; Gita 1.26
aphala-prepsunā	without desire for rewards	Gita 18.23
aphala-ākāṅkṣibhiḥ	without expectation of any reward; without yearning for material rewards	Gita 17.11; Gita 17.17
api	even; also; however; although; indeed; despite; although    apparently  different; in spite of; as well as; whereas; and; only; even though; even if; though; certainly; must certainly be	Gita 2.5; Gita 2.8; Gita 2.16; Gita 2.29; Gita 2.31; Gita 2.34; Gita 2.40; Gita 2.59; Gita 2.60; Gita 2.72; Gita 3.5; Gita 3.8; Gita 3.31; Gita 3.33; Gita 3.36; Gita 4.6; Gita 4.13; Gita 4.15; Gita 4.16; Gita 4.17; Gita 4.20; Gita 4.22; Gita 4.29; Gita 4.30; Gita 4.36; Gita 5.4; Gita 5.5; Gita 5.7; Gita 5.8; Gita 5.9; Gita 5.11; Gita 6.9; Gita 6.22; Gita 6.25; Gita 6.31; Gita 6.44; Gita 6.46; Gita 6.47; Gita 7.3; Gita 7.23; Gita 7.30; Gita 8.6; Gita 9.15; Gita 9.23; Gita 9.25; Gita 9.29; Gita 9.30; Gita 9.32; Gita 10.37; Gita 10.39; Gita 11.2; Gita 11.26; Gita 11.29; Gita 11.32; Gita 11.34; Gita 11.37; Gita 11.39; Gita 11.42; Gita 11.43; Gita 11.52; Gita 13.3; Gita 13.18; Gita 13.20; Gita 13.24; Gita 13.26; Gita 13.32; Gita 14.2; Gita 15.11; Gita 15.18; Gita 16.7; Gita 16.13; Gita 16.14; Gita 17.7; Gita 17.10; Gita 17.12; Gita 18.17; Gita 18.19; Gita 18.43; Gita 18.44; Gita 18.48; Gita 18.56; Gita 18.60; Gita 18.71; Gita 18.6; Gita 1.38; VS · Yudhiṣṭhira uvāca
apohanam	forgetfulness	Gita 15.15
apradāya	without offering	Gita 3.12
aprakāśaḥ	nescience	Gita 14.13
aprameyam	immeasurable	Gita 11.17; Gita 11.42
aprameyasya	immeasurable	Gita 2.18
apratima-prabhāva	possessor of incomparable power	Gita 11.43
apratiṣṭham	without any basis	Gita 16.8
apratiṣṭhaḥ	without any support	Gita 6.38
apravṛttiḥ	inertia	Gita 14.13
apriyam	the unpleasant	Gita 5.20
apriyaḥ	unpleasant	Gita 14.24
aprāpya	failing to attain; without attaining; failing to reach	Gita 6.37; Gita 9.3; Gita 16.20
apsu	in water	Gita 7.8
apunaḥ-āvṛttim	not returning	Gita 5.17
apyayau	disappearance	Gita 11.2
apāna	and the incoming breath	Gita 4.29
apānam	incoming breath	Gita 4.29
apāne	the incoming breath	Gita 4.29
apātrebhyaḥ	to unworthy persons	Gita 17.22
apāvṛtam	wide open	Gita 2.32
apāyinaḥ	go	Gita 2.14
aratiḥ	aversion	Gita 13.11
araudraḥ	Ever gentle, calm, and free from cruel anger toward His devotees	VS · Shloka 97
arcitum	to worship	Gita 7.21
arhasi	befitting; should; you should; you can; please do	Gita 2.25; Gita 2.26; Gita 2.27; Gita 2.30; Gita 2.31; Gita 3.20; Gita 6.39; Gita 10.16; Gita 11.44; Gita 16.24
arhati	is able	Gita 2.17
arhaḥ	Worthy of the highest worship, praise, and sacred offerings in all the worlds	VS · Shloka 93
ari	enemies; foe	Gita 6.9; Gita 14.25
ari-sūdana	destroyer of enemies	Gita 2.4
arjuna	Arjun	Gita 2.2; Gita 2.45; Gita 3.7; Gita 4.5; Gita 4.9; Gita 4.37; Gita 6.16; Gita 6.32; Gita 6.46; Gita 7.16; Gita 7.26; Gita 8.16; Gita 8.27; Gita 9.19; Gita 10.32; Gita 10.39; Gita 10.42; Gita 11.47; Gita 11.54; Gita 18.9; Gita 18.34; Gita 18.61
arjunam	to Arjun	Gita 11.50
arjunaḥ	Arjuna	Gita 1.47
arka	like the sun	Gita 11.17
arkaḥ	The supreme Object of worship adored by all great sages and celestial gods	VS · Shloka 85
arogaḥ dyutimān	healthy and radiant	VS · Phala Śruti 7
arpaṇam	the ladle and other offerings	Gita 4.24; Gita 9.27
arpita	surrender	Gita 8.7; Gita 12.14
artha	gain; necessity; for; wealth	Gita 2.5; Gita 3.18; Gita 13.12; Gita 16.12
artha-arthī	the seekers of material gain; wealth	Gita 7.16; VS · Phala Śruti 4
artham	for the sake of; for	Gita 3.9; Gita 16.12; Gita 17.12; Gita 17.18
aryamā	Aryama	Gita 10.29
arāga-dveṣataḥ	free from attachment and aversion	Gita 18.23
asakta-buddhiḥ	those whose intellect is unattached	Gita 18.49
asakta-ātmā	those who are unattached	Gita 5.21
asaktam	detached; unattached	Gita 9.9; Gita 13.15
asaktaḥ	without attachment; unattached	Gita 3.7; Gita 3.19; Gita 3.25
asaktiḥ	non-attachment	Gita 13.10
asammohaḥ	clarity of thought	Gita 10.4
asammūḍhaḥ	firmly situated; undeluded; without a doubt	Gita 5.20; Gita 10.3; Gita 15.19
asannyasta	without giving up	Gita 6.2
asanyata-ātmanā	one whose mind is unbridled	Gita 6.36
asanśayam	undoubtedly; free from doubt	Gita 6.35; Gita 7.1
asanśayaḥ	without a doubt; without doubt	Gita 8.7; Gita 18.68
asapatnam	unrivalled	Gita 2.8
asat-kṛtam	without respect	Gita 17.22
asat-kṛtaḥ	disrespectfully	Gita 11.42
asataḥ	of the temporary	Gita 2.16
asatyam	without absolute truth	Gita 16.8
asau	this; that	Gita 11.26; Gita 16.14
asaṅga-śastreṇa	by the axe of detachment	Gita 15.3
asi	you are; are (you); (you) are; you were	Gita 4.3; Gita 4.36; Gita 8.2; Gita 11.38; Gita 11.40; Gita 11.42; Gita 11.43; Gita 11.53; Gita 16.5; Gita 18.65; Gita 11.34; Gita 11.52; Gita 18.64
asiddhau	failure	Gita 4.22
asinā	with the sword	Gita 4.42
asitaḥ	Asit	Gita 10.13
asmadīyaiḥ	from our side	Gita 11.26
asmi	I am; (I) am; am; me	Gita 7.8; Gita 7.9; Gita 7.10; Gita 7.11; Gita 10.21; Gita 10.22; Gita 10.23; Gita 10.24; Gita 10.25; Gita 10.28; Gita 10.29; Gita 10.30; Gita 10.31; Gita 10.33; Gita 10.36; Gita 10.37; Gita 10.38; Gita 11.32; Gita 11.45; Gita 11.51; Gita 15.18; Gita 16.15; Gita 18.73; Gita 18.55
asmin	in this; this	Gita 2.13; Gita 3.3; Gita 8.2; Gita 13.23; Gita 14.11; Gita 16.6
asmin raṇa-samudyame	in this impending war	Gita 1.22
asmākam	but of ours	Gita 1.7; Gita 1.10
asthiram	unsteady	Gita 6.26
asti	there is; is; exists	Gita 2.40; Gita 2.42; Gita 2.66; Gita 3.22; Gita 4.31; Gita 4.40; Gita 6.16; Gita 7.7; Gita 8.5; Gita 9.29; Gita 10.18; Gita 10.19; Gita 10.39; Gita 10.40; Gita 11.43; Gita 16.13; Gita 16.15; Gita 18.40
asukham	joyless	Gita 9.33
asura	the demons	Gita 11.22
asvargyam	which does not lead to the higher abodes	Gita 2.2
asya	of it; of this; person’s; his; of that; of that person; for him; this; of (this); of its	Gita 2.17; Gita 2.40; Gita 2.59; Gita 2.65; Gita 2.67; Gita 3.18; Gita 3.34; Gita 3.40; Gita 6.39; Gita 9.3; Gita 9.17; Gita 11.18; Gita 11.38; Gita 11.43; Gita 11.52; Gita 13.22; Gita 15.3
asyām	in this	Gita 2.72
asṛṣṭa-annam	without distribution of prasādam	Gita 17.13
atandritaḥ	carefully	Gita 3.23
atapaskāya	to those who are not austere	Gita 18.67
atattva-artha-vat	not based on truth	Gita 18.22
ataḥ	from now; therefore; to this	Gita 2.12; Gita 9.24; Gita 13.12; Gita 15.18; Gita 12.8
atha pitāmahān	and grandfathers	Gita 1.26
atho	that is to say	Gita 4.35
ati	too; too much; most	Gita 6.11; Gita 6.16; Gita 18.77
ati-mānitā	absence of vanity	Gita 16.3
ati-uṣṇa	very hot	Gita 17.9
atiricyate	is greater	Gita 2.34
atitaranti	cross over	Gita 13.26
ativartate	transcends; transcend	Gita 6.44; Gita 14.21
atra	here; in this; these certainly are (causes)	Gita 1.4; Gita 4.16; Gita 8.2; Gita 8.4; Gita 8.5; Gita 10.7; Gita 18.14
atyantam	the highest	Gita 6.28
atyartham	highly	Gita 7.17
atyeti	surpasses	Gita 8.28
atyāginām	to those who are attached to persona reward	Gita 18.12
atīndriyam	transcending the senses	Gita 6.21
atītaḥ	surpassed; having transcended; transcendental	Gita 4.22; Gita 14.21; Gita 15.18
atītya	transcending	Gita 14.20
auṣadhīḥ	plants	Gita 15.13
avadhyaḥ	immortal	Gita 2.30
avagaccha	know	Gita 10.41
avagamam	directly realizable	Gita 9.2
avahāsa-artham	humorously	Gita 11.42
avajñātam	with contempt	Gita 17.22
avajānanti	disregard	Gita 9.11
avani-pāla	their allied kings	Gita 11.26
avaram	inferior	Gita 2.49
avasthitam	enshrined	Gita 15.11
avasthitaḥ	dwell; situated	Gita 9.4; Gita 13.33
avasthitāḥ	are standing; arrayed	Gita 2.6; Gita 11.32
avasthitāḥ yuddhe	stand here in battle	Gita 1.33
avasādayet	degrade	Gita 6.5
avatiṣṭhate	stays	Gita 6.18
avatiṣṭhati	established in the self	Gita 14.23
avaśam	beyond their control	Gita 9.8
avaśaḥ	helpless; helplessly	Gita 3.5; Gita 6.44; Gita 8.19; Gita 18.60
avaśiṣyate	remains	Gita 7.2
avaṣṭabhya	presiding over; holding	Gita 9.8; Gita 16.9
avekṣya	considering	Gita 2.31
avibhaktam	indivisible; undivided	Gita 13.17; Gita 18.20
avidhi-pūrvakam	by the wrong method; with no regards to the rules of the scriptures	Gita 9.23; Gita 16.17
avidvānsaḥ	the ignorant	Gita 3.25
avijñeyam	incomprehensible	Gita 13.16
avikalpena	unwavering	Gita 10.7
avikāryaḥ	unchangeable	Gita 2.25
avinaśyantam	the imperishable	Gita 13.28
avināśi	indestructible	Gita 2.17
avināśinam	imperishable	Gita 2.21
avipaścitaḥ	those with limited understanding	Gita 2.42
avyabhicāreṇa	unalloyed	Gita 14.26
avyabhicāriṇyā	with steadfastness	Gita 18.33
avyabhicāriṇī	constant	Gita 13.11
avyakta	unmanifest	Gita 2.28
avyakta-mūrtinā	the unmanifested form	Gita 9.4
avyakta-sanjñake	in that which is called the unmanifest	Gita 8.18
avyakta-ādīni	unmanifest before birth	Gita 2.28
avyaktaḥ	unmanifested; unmanifest; Unmanifest to mortal physical eyes, perceptible through spiritual realization	Gita 2.25; Gita 8.20; Gita 8.21; VS · Shloka 77
avyaktāt	from the unmanifested; to the unmanifest	Gita 8.18; Gita 8.20
avyavasāyinām	of the irresolute	Gita 2.41
avyaya ātmā	Imperishable nature	Gita 4.6
avyayam	immutable; eternal; unchangeable; imperishable; everlasting	Gita 2.21; Gita 4.1; Gita 4.13; Gita 7.13; Gita 7.24; Gita 7.25; Gita 9.2; Gita 9.13; Gita 9.18; Gita 11.2; Gita 11.4; Gita 14.5; Gita 15.1; Gita 15.5; Gita 18.20; Gita 18.56; VS · Pūrva Pīṭhikā 11
avyayasya	of the imperishable	Gita 2.17; Gita 14.27
avyayām	everlasting	Gita 2.34
avācya-vādān	using harsh words	Gita 2.36
avāpnoti	carries; attain	Gita 15.8; Gita 16.23; Gita 18.56
avāpsyatha	shall achieve	Gita 3.11
avāptavyam	to be gained	Gita 3.22
avāptum	to achieve	Gita 6.36
avāpya	after achieving	Gita 2.8
ayajñasya	for one who performs no sacrifice	Gita 4.31
ayam	this; this soul; one; in this; he; these; they; that	Gita 2.19; Gita 2.20; Gita 2.24; Gita 2.25; Gita 2.30; Gita 2.58; Gita 3.9; Gita 3.36; Gita 4.3; Gita 4.31; Gita 4.40; Gita 6.21; Gita 6.33; Gita 7.25; Gita 8.19; Gita 11.1; Gita 13.32; Gita 15.9; Gita 17.3
ayamaḥ	The inner Ruler who regulates the actions and destinations of all souls from within	VS · Shloka 92
ayaneṣu ca sarveṣu	and in all strategic approaches	Gita 1.11
ayathā-vat	confused	Gita 18.31
ayatiḥ	lax	Gita 6.37
ayaśaḥ	infamy	Gita 10.5
ayogataḥ	without karm yog	Gita 5.6
ayuktasya	not united	Gita 2.66
ayuktaḥ	one who is not united with God in consciousness; undisciplined	Gita 5.12; Gita 18.28
aśamaḥ	restlessness	Gita 14.12
aśeṣataḥ	completely; in full; entirely	Gita 6.24; Gita 6.39; Gita 7.2; Gita 18.11
aśeṣeṇa	completely; in detail	Gita 10.16; Gita 18.29; Gita 18.63
aśeṣeṇa prakīrtitam	have been fully proclaimed	VS · Phala Śruti 1
aśeṣāṇi	all	Gita 4.35
aśinaḥ	eaters	Gita 3.13
aśma	stone	Gita 6.8; Gita 14.24
aśnan	eating	Gita 5.8
aśnanti	enjoy	Gita 9.20
aśnataḥ	of one who eats	Gita 6.16
aśnute	attains; experiences; one achieves	Gita 3.4; Gita 5.21; Gita 6.28; Gita 13.13; Gita 14.20
aśnāmi	partake	Gita 9.26
aśnāsi	you eat	Gita 9.27
aśocyān	not worthy of grief	Gita 2.11
aśoṣyaḥ	cannot be dried	Gita 2.24
aśraddadhānaḥ	without faith	Gita 4.40
aśraddadhānāḥ	people without faith	Gita 9.3
aśraddhayā	without faith	Gita 17.28
aśrauṣam	have heard	Gita 18.74
aśru-pūrṇa	full of tears	Gita 2.1
aśubham	evil	Gita 2.57; VS · Phala Śruti 2; VS · Phala Śruti 11
aśubhān	inauspicious	Gita 16.19
aśubhāt	from inauspiciousness; miseries of material existence	Gita 4.16; Gita 9.1
aśucau	murky; unclean	Gita 16.15; Gita 16.16
aśuci-vratāḥ	with impure resolve	Gita 16.10
aśuciḥ	impure	Gita 18.27
aśuśrūṣave	to those who are averse to listening (to spiritual topics)	Gita 18.67
aśvattham	the sacred fig tree; sacred fig tree	Gita 15.1; Gita 15.3
aśvatthaḥ	the banyan tree; The eternal cosmic Peepal tree of life, rooted in the Supreme and branching throughout the universe	Gita 10.26; VS · Shloka 88
aśvatthāmā	Aśvatthāmā	Gita 1.8
aśvinau	the (twin) Ashvini Kumars; the Ashvini kumars	Gita 11.6; Gita 11.22
aśvānām	amongst horses	Gita 10.27
aśāntasya	of the unpeaceful	Gita 2.66
aśāstra-vihitam	not enjoined by the scriptures	Gita 17.5
aśāśvatam	temporary	Gita 8.15
aṅgāni	limbs	Gita 2.58
aṇoḥ	than the atom	Gita 8.9
aṇuḥ	Subtler than the subtlest particle, dwelling within the innermost heart of every atom	VS · Shloka 90
aṇīyānsam	smaller	Gita 8.9
aṣṭadhā	eightfold	Gita 7.4
babhūva	became ha	Gita 2.9
baddhaḥ	the bound	VS · Phala Śruti 8
baddhāḥ	bound	Gita 16.12
badhnāti	binds	Gita 14.6
badhyate	is bound	Gita 4.14
bahavaḥ	many (persons); many	Gita 4.10; Gita 11.28; Gita 1.9
bahiḥ	outside	Gita 5.27; Gita 13.16
bahu	many	Gita 11.23
bahu-danṣṭrā	many teeth	Gita 11.23
bahu-mataḥ	high esteemed	Gita 2.35
bahu-udaram	many stomachs	Gita 11.23
bahu-vidhāḥ	various kinds of	Gita 4.32
bahu-śākhāḥ	many-branched	Gita 2.41
bahudhā	various; in manifold ways	Gita 9.15; Gita 13.5
bahula-āyāsam	stressfully	Gita 18.24
bahulām	various	Gita 2.42; Gita 2.43
bahunā	detailed	Gita 10.42
bahūn	many	Gita 2.36
bahūni	many	Gita 4.5; Gita 11.6
bahūnām	many	Gita 7.19
bala	force; strength	Gita 17.5; Gita 17.8
bala-rūpa-guṇa-anvitaḥ	endowed with strength, form, and virtues	VS · Phala Śruti 7
bala-vat	strong	Gita 6.34
bala-vatām	of the strong	Gita 7.11
bala-vān	powerful	Gita 16.14
balam	strength; violence	Gita 7.11; Gita 16.18; Gita 18.53; Gita 1.10; VS · Phala Śruti 16
balāt	by force	Gita 3.36
bandham	what is binding	Gita 18.30
bandhanaiḥ	from the bondage	Gita 9.28
bandhuḥ	friend	Gita 6.5; Gita 6.6
bandhuṣu	relatives	Gita 6.9
bandhāt	from bondage	Gita 5.3
bhagavan	the Supreme Lord; the Supreme Divine Personality	Gita 10.14; Gita 10.17
bhagavataḥ viṣṇoḥ	of Lord Viṣṇu	VS · Phala Śruti 21
bhaikṣyam	by begging	Gita 2.5
bhajante	worship	Gita 7.16; Gita 7.28; Gita 10.8
bhajanti	engage in devotion; worship with love	Gita 9.13; Gita 9.29
bhajasva	engage in devotion	Gita 9.33
bhajate	engage in devotion; worship	Gita 6.47; Gita 9.30
bhajati	worships; worship	Gita 6.31; Gita 15.19
bhajatām	who engage in devotion	Gita 10.10
bhajāmi	reciprocate	Gita 4.11
bhaktavatsalaḥ	Overflowing with parental love, compassion, and tenderness toward His devotees	VS · Shloka 78
bhaktaḥ	devotee	Gita 4.3; Gita 7.21; Gita 9.31; Gita 9.34
bhakti-upahṛtam	offered with devotion	Gita 9.26
bhakti-yogena	through devotion	Gita 14.26
bhaktim	greatest act of love	Gita 18.68
bhaktiḥ	devotion	Gita 7.17; Gita 13.11
bhaktānām anuraktānām trātā bhava	be the protector of devoted lovers	VS · Phala Śruti 23
bharata-sat-tama	best of the Bharatas	Gita 18.4
bharata-śreṣṭha	Arjun, the best of the Bharatas	Gita 17.12
bharata-ṛṣabha	Arjun, the best of the Bharatas; Arjun, the best of the Bharats; The best amongst the Bharatas, Arjun; best of the Bharatas; the best of the Bharatas, Arjun	Gita 3.41; Gita 7.11; Gita 7.16; Gita 8.23; Gita 13.27; Gita 14.12; Gita 18.36
bhasma-sāt	to ashes	Gita 4.37
bhavantam	you	Gita 11.31
bhavantaḥ sarve	all of you indeed	Gita 1.11
bhavanti	subsist; become; are	Gita 3.14; Gita 10.5; Gita 16.3; VS · Pūrva Pīṭhikā 17
bhavataḥ	your; arise	Gita 4.4; Gita 14.17; VS · Pūrva Pīṭhikā 9
bhavati	comes; becomes possible; is; manifest; becomes; take birth; become; accrue	Gita 2.63; Gita 3.14; Gita 4.7; Gita 4.12; Gita 6.2; Gita 6.17; Gita 6.42; Gita 7.23; Gita 9.31; Gita 14.3; Gita 14.10; Gita 14.21; Gita 17.2; Gita 17.3; Gita 17.7; Gita 18.12; Gita 1.44
bhavaḥ	birth	Gita 10.4
bhavet	were	Gita 11.12
bhavitā	will be	Gita 2.20; Gita 18.69
bhaviṣyati	in future	Gita 16.13
bhaviṣyatām	those things that are yet to be	Gita 10.34
bhaviṣyāṇi	the future	Gita 7.26
bhavān	yourself; you	Gita 1.8; Gita 10.12; Gita 11.31
bhaya-nāśanaḥ	The compassionate dispeller of all fear and anxiety for those who surrender unto Him	VS · Shloka 89
bhaya-āvahaḥ	fraught with fear	Gita 3.35
bhayakṛud	Striking righteous terror into the hearts of the wicked and demonic tyrants	VS · Shloka 89
bhayam	fear; fearing	Gita 10.4; Gita 18.35; VS · Phala Śruti 7
bhayena	with fear	Gita 11.45
bhayānakāni	fearsome; very    fearful	Gita 11.26; Gita 11.27
bhayāpahaḥ	The compassionate dispeller of all fear, danger, and mortal dread	VS · Shloka 100
bhayāt	out of fear; danger	Gita 2.35; Gita 2.40; Gita 18.8
bhedam	distinctions; the distinctions	Gita 17.7; Gita 18.29
bhima-parākramaḥ	Endowed with formidable, irresistible prowess that shatters demonic forces	VS · Shloka 101
bhimaḥ	Awe-inspiring and formidable, commanding absolute reverence across the universe	VS · Shloka 101
bhinnā	divisions	Gita 7.4
bhoga	gratification; sense       enjoyment; gratification of the senses	Gita 2.42; Gita 2.43; Gita 2.44; Gita 16.12
bhogeṣu	sense  gratification	Gita 16.16
bhogān	pleasures; necessities of life	Gita 2.5; Gita 3.12
bhogāḥ	pleasures	Gita 5.22
bhogī	the enjoyer	Gita 16.14
bhojaneṣu	while eating	Gita 11.42
bhoktum	to enjoy life	Gita 2.5
bhoktāram	the enjoyer	Gita 5.29
bhoktṛtve	in experiencing	Gita 13.21
bhokṣyase	you shall enjoy	Gita 2.37
bhramati iva ca me manaḥ	and my mind seems to reel	Gita 1.30
bhruvoḥ	of the eyebrows; the two eyebrows	Gita 5.27; Gita 8.10
bhrāmayan	causing to wander	Gita 18.61
bhrātṝn	brothers / cousins	Gita 1.26
bhuktvā	having enjoyed	Gita 9.21
bhuvi	on this earth	Gita 18.69
bhuñjate	enjoy	Gita 3.13
bhuñjānam	enjoys	Gita 15.10
bhuñjīya	enjoy	Gita 2.5
bhuṅkte	enjoys; desires to enjoy	Gita 3.12; Gita 13.22
bhuṅkṣva	enjoy	Gita 11.33
bhārabhṛt	He who bears the colossal weight of the universe and relieves the burdens of the Earth	VS · Shloka 91
bhārata	O descendant of Bharata; Dhritarashtra, descendant of Bharat; descendant of the Bharat; descendant of Bharat, Arjun; Arjun, scion of Bharat; scion of Bharat (Arjun); Arjun, descendant of Bharat; Arjun, scion of the Bharatas; scion of Bharat; Arjun, the son of Bharat; Arjun, the scion of Bharat	Gita 1.24; Gita 2.10; Gita 2.14; Gita 2.18; Gita 2.28; Gita 2.30; Gita 3.25; Gita 4.7; Gita 4.42; Gita 7.27; Gita 11.6; Gita 13.3; Gita 13.34; Gita 14.3; Gita 14.8; Gita 14.9; Gita 14.10; Gita 15.19; Gita 15.20; Gita 16.3; Gita 17.3; Gita 18.62
bhāsayate	illumine; illuminates	Gita 15.6; Gita 15.12
bhāsaḥ	splendor; rays	Gita 11.12; Gita 11.30
bhāsvatā	luminous	Gita 10.11
bhāva-bhāvitaḥ	absorbed in contemplation	Gita 8.6
bhāva-samanvitāḥ	endowed with great faith and devotion	Gita 10.8
bhāva-sanśuddhiḥ	purity of purpose	Gita 17.16
bhāvaiḥ	states	Gita 7.13
bhāvam	nature; remembrance; personality	Gita 7.15; Gita 7.24; Gita 8.6; Gita 9.11; Gita 18.20
bhāvanā	contemplation	Gita 2.66
bhāvayantaḥ	pleasing one another	Gita 3.11
bhāvayantu	will be pleased	Gita 3.11
bhāvayatā	will be pleased	Gita 3.11
bhāveṣu	forms	Gita 10.17
bhāvāḥ	states of material existence; natures	Gita 7.12; Gita 10.5; Gita 10.6
bhāḥ	splendor	Gita 11.12
bhāṣase	speaking	Gita 2.11
bhāṣā	talk	Gita 2.54
bhīma-abhirakṣitam	protected by Bhīma	Gita 1.10
bhīma-arjuna-samāḥ	equals of Bhīma and Arjuna	Gita 1.4
bhīma-karmā	doer of terrible deeds	Gita 1.15
bhīta-bhītaḥ	overwhelmed with fear	Gita 11.35
bhītam	frightened	Gita 11.50
bhītaḥ	the frightened	VS · Phala Śruti 8
bhītāni	fearfully	Gita 11.36
bhītāḥ	in fear	Gita 11.21
bhīṣma-abhirakṣitam	protected by Bhīṣma	Gita 1.10
bhīṣma-droṇa-pramukhataḥ	in front of Bhīṣma, Droṇa, and the foremost	Gita 1.25
bhīṣmam	Bheeshma	Gita 2.4; Gita 11.34
bhīṣmam eva abhirakṣantu	must protect Bhīṣma alone	Gita 1.11
bhīṣmaḥ	and Bhīṣma; Bheeshma	Gita 1.8; Gita 11.26
bhūmau	on the earth	Gita 2.8
bhūmiḥ	earth	Gita 7.4
bhūr-bhuvaḥ-svastaruḥ	The cosmic Tree of Life sheltering the terrestrial, atmospheric, and heavenly worlds	VS · Shloka 104
bhūrbhuvaḥ	The foundation, sustainer, and ruler of the terrestrial and atmospheric realms	VS · Shloka 101
bhūta	all beings; all creation; living entities; the living entity	Gita 9.11; Gita 9.13; Gita 13.31; Gita 13.35
bhūta viśeṣa-saṅghān	hosts of different beings	Gita 11.15
bhūta-bhartṛ	the sustainer of all beings	Gita 13.17
bhūta-bhāva-udbhava-karaḥ	Actions pertaining to the material personality of living beings, and its development	Gita 8.3
bhūta-bhāvana	the Creator of all beings	Gita 10.15
bhūta-grāmam	myriad forms; elements of the body	Gita 9.8; Gita 17.6
bhūta-grāmaḥ	the multitude of beings	Gita 8.19
bhūta-ijyāḥ	worshippers of ghosts	Gita 9.25
bhūta-sargau	of created living beings	Gita 16.6
bhūta-sthaḥ	dwelling in	Gita 9.5
bhūta-īśa	the Lord of everything	Gita 10.15
bhūtam	creature	Gita 10.39
bhūteṣu	beings; in all beings; in beings; amongst living beings; toward all living beings; living entities; living beings	Gita 7.9; Gita 7.11; Gita 8.20; Gita 13.17; Gita 13.28; Gita 16.2; Gita 18.21; Gita 18.54
bhūtvā	having once existed; having been; becoming; so being	Gita 2.20; Gita 2.35; Gita 2.48; Gita 3.30; Gita 11.50; Gita 15.13; Gita 15.14; Gita 8.19
bhūtāni	created beings; living entities; people; creatures; living beings; all living beings; beings; to the ghosts	Gita 2.28; Gita 2.30; Gita 2.34; Gita 2.69; Gita 3.14; Gita 3.33; Gita 4.35; Gita 6.29; Gita 7.6; Gita 7.26; Gita 7.27; Gita 8.22; Gita 9.5; Gita 9.25; Gita 15.13; Gita 15.16; Gita 9.6; VS · Pūrva Pīṭhikā 17
bhūtānām	of (all) beings; the living beings; of living  entities; of all beings; amongst the living beings; of all living beings; all living beings; of all living entities	Gita 4.6; Gita 5.29; Gita 10.5; Gita 10.20; Gita 10.22; Gita 11.2; Gita 13.16; Gita 18.46; VS · Pūrva Pīṭhikā 16
bhūtāvāsaḥ	The universal Dwelling place in whom all created beings live and move	VS · Shloka 76
bhūyaḥ	further; again	Gita 2.20; Gita 6.43; Gita 7.2; Gita 10.1; Gita 10.18; Gita 11.35; Gita 11.39; Gita 11.50; Gita 13.24; Gita 14.1; Gita 15.4; Gita 18.64
bhūḥ	be	Gita 2.47
bhṛguḥ	Bhrigu	Gita 10.25
bibharti	supports	Gita 15.17
boddhavyam	should be known; must understand	Gita 4.17
bodhayantaḥ	enlightening (with divine knowledge of God)	Gita 10.9
brahma-bhūtam	endowed with God-realization	Gita 6.27
brahma-bhūyāya	level of Brahman; union with Brahman	Gita 14.26; Gita 18.53
brahma-mahat	great material nature	Gita 14.4
brahma-nirvāṇam	liberation from Maya; liberation from material existence	Gita 2.72; Gita 5.24; Gita 5.25
brahma-sansparśam	constantly in touch with the Supreme	Gita 6.28
brahma-sūtra	the Brahma Sūtra	Gita 13.5
brahma-vidaḥ	those who know the Brahman	Gita 8.24
brahma-vādinām	expounders of the Vedas	Gita 17.24
brahma-yoga yukta-ātmā	those who are united with God through yog	Gita 5.21
brahmabhūtaḥ	united with the Lord; one situated in Brahman	Gita 5.24; Gita 18.54
brahmacaryam	celibacy	Gita 8.11; Gita 17.14
brahmacāri-vrate	in the vow of celibacy	Gita 6.14
brahmaṇaḥ	of the Vedas; of God-realization; of Brahma; than Brahma; of Brahman; the Supreme Absolute Truth	Gita 4.32; Gita 6.38; Gita 8.17; Gita 11.37; Gita 14.27; Gita 17.23
brahmaṇā	by that person	Gita 4.24
brahmāṇam	Lord Brahma	Gita 11.15
bravīṣī	you are declaring	Gita 10.13
brāhmaṇa	of the priestly class	Gita 18.41
brāhmaṇasya	one who realizes the Absolute Truth	Gita 2.46
brāhmaṇaḥ / kṣatriyaḥ vijayī / vaiśyaḥ dhana-samṛddhaḥ / śūdraḥ sukham	respective fruits by vocation	VS · Phala Śruti 3
brāhmaṇe	a Brahmin	Gita 5.18
brāhmaṇāḥ	sages; the priests	Gita 9.33; Gita 17.23
brāhmī sthitiḥ	state of God-realization	Gita 2.72
brūhi	tell; please tell	Gita 2.7; Gita 5.1
buddhau	divine knowledge and insight	Gita 2.49
buddhayaḥ	intellect	Gita 2.41
buddheḥ	than the intellect; of intellect	Gita 3.42; Gita 3.43; Gita 18.29
buddhi	by intellect; intelligence	Gita 6.21; Gita 18.37
buddhi-bhedam	discord in the intellects	Gita 3.26
buddhi-matām	of the intelligent	Gita 7.10
buddhi-mān	wise; enlightened	Gita 4.18; Gita 15.20
buddhi-nāśaḥ	destruction of intellect	Gita 2.63
buddhi-nāśāt	from destruction of intellect	Gita 2.63
buddhi-sanyogam	reawaken their wisdom	Gita 6.43
buddhi-yogam	divine knowledge; having the intellect united with God	Gita 10.10; Gita 18.57
buddhi-yogāt	with the intellect established in Divine knowledge	Gita 2.49
buddhi-yuktaḥ	endowed with wisdom	Gita 2.50
buddhi-yuktāḥ	endowed with equanimity of intellect	Gita 2.51
buddhiḥ	intellect; the intellect; intelligence	Gita 2.41; Gita 2.44; Gita 2.52; Gita 2.53; Gita 2.65; Gita 2.66; Gita 3.1; Gita 3.40; Gita 3.42; Gita 5.27; Gita 5.28; Gita 7.4; Gita 7.10; Gita 8.7; Gita 10.4; Gita 13.6; Gita 18.17; Gita 18.30; Gita 18.31; Gita 18.32; VS · Phala Śruti 16
buddhiḥ yoge	by the yog of intellect	Gita 2.39
buddhvā	knowing; understanding	Gita 3.43; Gita 15.20
buddhyā	by understanding; with the intellect; by intellect; intellect	Gita 2.39; Gita 5.11; Gita 6.25; Gita 18.51; VS · Samargaṇa
budhaḥ	the wise	Gita 5.22
budhāḥ	the wise	Gita 4.19; Gita 10.8
bāhu	arms	Gita 11.16; Gita 11.23
bāhya-sparśeṣu	external sense pleasure	Gita 5.21
bāhyān	external	Gita 5.27
bālāḥ	the ignorant	Gita 5.4
bīja-pradaḥ	seed-giving	Gita 14.4
bṛhaspatim	Brihaspati	Gita 10.24
bṛhat	Vaster than the vastest cosmos, encompassing the entire universe within His majesty	VS · Shloka 90
bṛhat-sāma	the Brihatsama	Gita 10.35
caila	cloth	Gita 6.11
cakra-hastam	disc in hand	Gita 11.46
cakram	cycle	Gita 3.16
cakri	Wielder of the supreme Sudarshana Discus representing the cosmic wheel of time and protection	VS · Shloka 107
cakriṇam	with discs	Gita 11.17
cakrī	Wielding the invincible Sudarshana Discus that protects the cosmos and destroys evil; discus	VS · Shloka 97; VS · Shloka 108
cakṣuḥ	eyes	Gita 5.27; Gita 11.8; Gita 15.9
calam	restless; flickering	Gita 6.35; Gita 17.18
calati	deviates	Gita 6.21
calaḥ	Moving swiftly as the life-force and breeze to protect devotees in need	VS · Shloka 79
calita-mānasaḥ	whose mind becomes deviated	Gita 6.37
candanāṅgadī	Adorned with fragrant sandalwood paste and glowing celestial armlets	VS · Shloka 79
candramasi	in the moon	Gita 15.12
cara	the moving; moving	Gita 11.7; Gita 11.43
cara-acaram	the animate and the inanimate; moving and nonmoving	Gita 9.10; Gita 10.39
caram	moving	Gita 13.16
caran	while using	Gita 2.64
caranti	practice	Gita 8.11
carati	lives; commit	Gita 2.71; Gita 3.36
caratām	roaming	Gita 2.67
catur-vedavid	The perfect knower and revealer of the complete inner meaning of the four Vedas	VS · Shloka 82
caturaśraḥ	Supremely just, balanced, and equitable in all His cosmic dealings and rewards	VS · Shloka 100
caturbhāvaḥ	The divine source from whom the four goals of human life (Dharma, Artha, Kama, Moksha) proceed	VS · Shloka 82
caturbāhuḥ	Possessing four graceful transcendental arms wielding the emblems of protection and liberation	VS · Shloka 82
caturgatiḥ	The ultimate destination and guide for seekers in the four stages and orders of life	VS · Shloka 82
caturmūrtiḥ	Manifesting as the four transcendental forms: Vasudeva, Sankarshana, Pradyumna, and Aniruddha	VS · Shloka 82
caturvyūhaḥ	Manifesting in four cosmic emanations for creation, sustenance, destruction, and spiritual awakening	VS · Shloka 82
catuḥ-bhujena	four-armed	Gita 11.46
catuḥ-vidham	the four kinds	Gita 15.14
catuḥ-vidhāḥ	four kinds	Gita 7.16
catvāraḥ	four	Gita 10.6
cañcalam	restless	Gita 6.26; Gita 6.34
cañcalatvāt	due to restlessness	Gita 6.33
cekitānaḥ	Cekitāna	Gita 1.5
cet	if	Gita 3.1; Gita 3.24; Gita 4.36; Gita 9.30; Gita 18.58; Gita 2.33
cetanā	consciousness; the consciousness	Gita 10.22; Gita 13.7
cetasaḥ	whose intellect	Gita 4.23
cetasā	by the mind; by consciousness	Gita 8.8; Gita 18.57
cetāḥ	in heart	Gita 2.7
ceṣṭate	act	Gita 3.33
ceṣṭāḥ	efforts	Gita 18.14
chalayatām	of all cheats	Gita 10.36
chandasām	amongst poetic meters	Gita 10.35
chandobhiḥ	in Vedic hymns	Gita 13.5
chandānsi	Vedic mantras	Gita 15.1
chettum	to dispel	Gita 6.39
chettā	a dispeller	Gita 6.39
chindanti	shred	Gita 2.23
chinna	annihilated; broken	Gita 5.25; Gita 6.38
chinna-sanśayaḥ	those who have no doubts	Gita 18.10
chittvā	cut asunder; having cut down	Gita 4.42; Gita 15.3
cikīrṣuḥ	wishing	Gita 3.25
cintayantaḥ	think of	Gita 9.22; VS · Phala Śruti 30
cintayet	should think of	Gita 6.25
cintyaḥ asi	to be thought of	Gita 10.17
cintām	anxieties	Gita 16.11
citrarathaḥ	Chitrarath	Gita 10.26
citta	imaginings	Gita 16.15
citta-vibhrāntāḥ	perplexed  by  anxieties	Gita 16.16
citta-ātmā	mind and intellect	Gita 4.21
cyavanti	fall down (wander in samsara)	Gita 9.24
cāndra-masam	lunar	Gita 8.25
cāriṇau	moving	Gita 5.27
cātuḥ-varṇyam	the four categories of occupations	Gita 4.13
cāṇūrāṃdhra-niṣūdanaḥ	The heroic slayer of the demonic wrestler Chanura in Mathura as Sri Krishna	VS · Shloka 88
cūrṇitaiḥ	getting smashed; smashed	Gita 11.26; Gita 11.27
dadhmau	blew	Gita 1.15
dadhāmi	impregnate	Gita 14.3
dadāmi	I give	Gita 10.10; Gita 11.8
dadāsi	bestow as a gift	Gita 9.27
dagdha	burnt	Gita 4.19
dahati	burns	Gita 2.23
daityānām	of the demons	Gita 10.30
daivam	the celestial gods; Divine Providence	Gita 4.25; Gita 18.14
daivaḥ	divine; the divine	Gita 16.6
daivī	divine	Gita 7.14; Gita 16.5
daivīm	godly; saintly	Gita 16.3; Gita 16.5; Gita 9.13
dakṣiṇa-ayanam	the sun’s southern course	Gita 8.25
dakṣiṇaḥ	Courteous, liberal, and generous in bestowing boons upon the devoted	VS · Shloka 98
damayatām	amongst means of preventing lawlessness	Gita 10.38
damayitā	The supreme Discipliner and subduer of the arrogant tyrants across all realms	VS · Shloka 92
damaḥ	control over the senses; control of the senses; restraint; The self-restraint and inner peace attained through contemplation of His divine nature	Gita 10.4; Gita 16.1; Gita 18.42; VS · Shloka 92
dambha	hypocrisy; pride	Gita 16.10; Gita 17.5; Gita 17.12
dambhaḥ	hypocrisy	Gita 16.4
dambhena	ostentatiously; with ostentation	Gita 16.17; Gita 17.18
danṣṭrā	teeth	Gita 11.25; Gita 11.26
darpadaḥ	Bestower of righteous pride, strength, and spiritual confidence upon the virtuous	VS · Shloka 76
darpahā	The destroyer of the arrogance, ego, and pride of the wicked	VS · Shloka 76
darpam	arrogance	Gita 16.18; Gita 18.53
darpaḥ	arrogance	Gita 16.4
darśana-kāṅkṣiṇaḥ	aspiring to see	Gita 11.52
darśanam	had a vision of; philosophy	Gita 11.10; Gita 13.12
darśaya	reveal; show	Gita 11.4; Gita 11.45
darśayām āsa	displayed	Gita 11.9; Gita 11.50
darśibhiḥ	by the seers	Gita 2.16
darśitam	shown	Gita 11.47
dattam	charity	Gita 17.28
dattān	things granted	Gita 3.12
daurbalyam	weakness	Gita 2.3
dayā	compassion	Gita 16.2
daśa-ekam	eleven	Gita 13.6
daśana-antareṣu	between the teeth	Gita 11.26
daśanāntareṣu	between   the teeth	Gita 11.27
daṃṣṭrā	teeth	Gita 11.27
daṅḍaḥ	The embodiment of righteous punishment and cosmic justice subduing the wicked	VS · Shloka 92
daṇḍaḥ	punishment	Gita 10.38
deha	body	Gita 14.20
deha-antara	another body	Gita 2.13
deha-bhṛt	the embodied	Gita 14.14
deha-bhṛtā	for the embodied being	Gita 18.11
deha-bhṛtām	of the embodied	Gita 8.4
deham	the body	Gita 4.9; Gita 8.13; Gita 15.14
dehe	in the body; in body; in this form; within the body; the body; body	Gita 2.13; Gita 2.30; Gita 8.2; Gita 8.4; Gita 11.7; Gita 11.15; Gita 13.23; Gita 13.33; Gita 14.5; Gita 14.11
dehinam	the embodied soul	Gita 3.40; Gita 14.5; Gita 14.7
dehinaḥ	of the embodied; for the embodied	Gita 2.13; Gita 2.59
dehinām	embodied beings	Gita 17.2
dehāḥ	material bodies	Gita 2.18
dehī	the embodied soul; the soul that dwells within the body; the embodied being; the embodied	Gita 2.22; Gita 2.30; Gita 5.13; Gita 14.20
deva	Lord; the Supreme Lord	Gita 11.15; Gita 11.44; Gita 11.45; Gita 17.14
deva-bhogān	the pleasures of the celestial gods	Gita 9.20
deva-deva	the God of gods	Gita 10.15
deva-devasya	of the God of gods	Gita 11.13
deva-vara	God of gods	Gita 11.31
deva-vratāḥ	worshipers of celestial gods	Gita 9.25
deva-yajaḥ	the worshipers of the celestial gods	Gita 7.23
deva-īśa	The Lord of lords; Lord of the devatās; God of gods	Gita 11.25; Gita 11.37; Gita 11.45
deva-ṛṣiḥ-nāradaḥ	devarṣhi Narad	Gita 10.13
deva-ṛṣīṇām	amongst celestial sages	Gita 10.26
devadattam	Devadatta	Gita 1.15
devakī-nandanaḥ	The beloved divine son of Devaki (Sri Krishna), bringing boundless joy to the universe	VS · Shloka 106; VS · Pūrva Pīṭhikā 21
devalaḥ	Deval	Gita 10.13
devatāḥ	the celestial gods; celestial gods	Gita 4.12; Gita 7.20
deveṣu	amongst the celestial gods	Gita 18.40
devān	celestial gods; to the celestial gods; amongst the celestial gods; all the gods	Gita 3.11; Gita 7.23; Gita 9.25; Gita 11.15; Gita 17.4
devānām	of the celestial gods; of all the celestial gods	Gita 10.2; Gita 10.22
devāḥ	celestial gods; the celestial gods	Gita 3.11; Gita 3.12; Gita 10.14; Gita 11.52; VS · Phala Śruti 18
deśa	places	Gita 13.11
deśe	place; in the proper place	Gita 6.11; Gita 17.20
dhana	wealth	Gita 16.17
dhanam	wealth	Gita 16.13
dhanurdharaḥ	The supreme Archer wielding the divine bow Sharnga to defend Dharma (as Sri Rama)	VS · Shloka 92; VS · Phala Śruti 29
dhanurvedaḥ	The author and master of the sacred science of archery and martial righteousness	VS · Shloka 92
dhanuḥ udyamya	raising his bow	Gita 1.20
dhanuḥ-dharaḥ	the supreme archer	Gita 18.78
dhanyaḥ	Full of all auspicious blessings, fortunate, and fulfilling the purpose of all seekers	VS · Shloka 80
dharam	wearing	Gita 11.11
dharma	duty; the eternal religion	Gita 2.7; Gita 4.8
dharma-arthī	dharma	VS · Phala Śruti 4
dharma-aviruddhaḥ	not conflicting with dharma	Gita 7.11
dharma-kāma-arthān	duty, pleasures, and wealth	Gita 18.34
dharma-kṣetre	on the field of dharma	Gita 1.1
dharma-saṃsthāpana-arthāya	for establishing dharma	VS · Phala Śruti 31
dharma-ātmā	virtuous	Gita 9.31
dharmam	righteousness; religion	Gita 18.31; Gita 18.32
dharmasya	occupation; of righteousness; of dharma; of the dharma	Gita 2.40; Gita 4.7; Gita 9.3; Gita 14.27; VS · Phala Śruti 17
dharme naṣṭe	when dharma is lost	Gita 1.40
dharmyam	virtuous; sacred	Gita 9.2; Gita 18.70
dharmyam saṅgrāmam	righteous war	Gita 2.33
dharmyāt	for righteousness	Gita 2.31
dharādharaḥ	The mighty upholder of the Earth and the lifter of the Govardhana mountain	VS · Shloka 80
dhenūnām	amongst cows	Gita 10.28
dhruvā	unending	Gita 18.78; VS · Phala Śruti 29
dhyāna-yoga-paraḥ	engaged in meditation	Gita 18.52
dhyānena	through meditation	Gita 13.25
dhyāyataḥ	contemplating	Gita 2.62
dhārayan	convinced; considering; holding	Gita 5.8; Gita 5.9; Gita 6.13
dhārayate	sustains; holds	Gita 18.33; Gita 18.34
dhārayāmi	sustain	Gita 15.13
dhārtarāṣṭrasya durbuddheḥ	of the evil-minded son of Dhṛtarāṣṭra	Gita 1.23
dhārtarāṣṭrān	the sons of Dhṛtarāṣṭra	Gita 1.20; Gita 1.36
dhārtarāṣṭrān sa-bāndhavān	the sons of Dhṛtarāṣṭra along with kinsmen	Gita 1.37
dhārtarāṣṭrāḥ	the sons of Dhṛtarāṣṭra; the sons of Dhritarashtra	Gita 1.46; Gita 2.6
dhārtarāṣṭrāṇām	of the sons of Dhṛtarāṣṭra	Gita 1.19
dhāryate	the basis	Gita 7.5
dhātāram	the support	Gita 8.9
dhī-matām	of the wise	Gita 6.42
dhīmatā	the wise	Gita 1.3
dhīram	steady	Gita 2.15
dhīraḥ	the wise; steady	Gita 2.13; Gita 14.24
dhūmaḥ	smoke	Gita 8.25
dhūmena	by smoke; with smoke	Gita 3.38; Gita 18.48
dhṛtarāśtrasya	of Dhritarashtra	Gita 11.26
dhṛteḥ	of determination	Gita 18.29
dhṛti	strong resolve	Gita 18.26
dhṛti-gṛhītayā	achieved through determination of resolve that is in accordance with scriptures	Gita 6.25
dhṛtim	firmness	Gita 11.24
dhṛtiḥ	courage; the will; fortitude; determination; resolve	Gita 10.34; Gita 13.7; Gita 16.3; Gita 18.33; Gita 18.34; Gita 18.35; Gita 18.43; VS · Phala Śruti 16
dhṛtyā	by determining; through steadfast will; by determination	Gita 18.33; Gita 18.34; Gita 18.51
dhṛṣṭadyumnaḥ	Dhṛṣṭadyumna	Gita 1.17
dhṛṣṭaketuḥ	Dhṛṣṭaketu	Gita 1.5
divi	in heaven; in the sky; the higher celestial abodes	Gita 9.20; Gita 11.12; Gita 18.40
divya	divine	Gita 11.10; Gita 11.11
divyam	divine; Divine	Gita 4.9; Gita 8.8; Gita 8.10; Gita 10.12; Gita 11.8
divyau śaṅkhau	divine conches	Gita 1.14
divyān	celestial; divine	Gita 9.20; Gita 11.15
divyāni	divine	Gita 11.5
divyānām	divine	Gita 10.40
divyāḥ	divine	Gita 10.16; Gita 10.19
diśaḥ	directions; the directions; in all directions; Revealing the sacred directions of Vedic wisdom through His divine speech	Gita 6.13; Gita 11.20; Gita 11.25; Gita 11.36; VS · Shloka 100
doṣa	faults	Gita 13.9
doṣa-vat	as evil	Gita 18.3
doṣaiḥ etaiḥ	by these evils	Gita 1.43
doṣeṇa	with evil	Gita 18.48
doṣāḥ	evils	Gita 15.5
drakṣyasi	you will see	Gita 4.35
draupadeyāḥ	and the sons of Draupadī	Gita 1.6; Gita 1.18
dravanti	flowing rapidly; flee	Gita 11.28; Gita 11.36
dravya-mayāt	of material possessions	Gita 4.33
dravya-yajñāḥ	offering one’s own wealth as sacrifice	Gita 4.28
draṣṭum	to see; to behold; to be seen	Gita 11.3; Gita 11.4; Gita 11.7; Gita 11.8; Gita 11.46; Gita 11.48; Gita 11.53; Gita 11.54
draṣṭā	the seer	Gita 14.19
droṇam	Dronacharya	Gita 2.4; Gita 11.34
droṇaḥ	Dronacharya	Gita 11.26
drupada-putreṇa	by the son of Drupada	Gita 1.3
drupadaḥ	and Drupada; Drupada	Gita 1.4; Gita 1.18
duratikramaḥ	He whose divine laws and supreme commands cannot be transgressed by any being	VS · Shloka 83
duratyayā	very difficult to overcome	Gita 7.14
durgamaḥ	Inaccessible to proud intellectual speculation, reached only through heartfelt surrender	VS · Shloka 83
durgatim	evil destination	Gita 6.40
durgaḥ	The invincible Fortress protecting devotees from all spiritual dangers and worldly fear	VS · Shloka 83
durgāṇi	obstacles	Gita 18.58
durgāṇi atitarati āśu	swiftly crosses difficulties	VS · Phala Śruti 9
durjayaḥ	The invincible Conqueror who can never be defeated by any hostile force	VS · Shloka 83
durlabha-taram	very rare	Gita 6.42
durlabhaḥ	Rare and difficult to attain without unswerving, genuine devotion and divine grace	VS · Shloka 83
durmatiḥ	foolish	Gita 18.16
durmedhā	unintelligent	Gita 18.35
durnigraham	difficult to restrain	Gita 6.35
durnirīkṣyam	difficult to look upon	Gita 11.17
duryodhanaḥ	Duryodhana	Gita 1.2
durārihā	The destroyer of evil asuras and the dispeller of inner spiritual vices	VS · Shloka 83
durāsadam	formidable	Gita 3.43
durāvāsaḥ	Difficult to hold in meditation for minds disturbed by worldly passions	VS · Shloka 83
duḥkha	distress; misery; evils; pain	Gita 2.14; Gita 2.15; Gita 5.22; Gita 13.9; Gita 14.24; Gita 17.9
duḥkha-antam	end of all suffering	Gita 18.36
duḥkha-hā	the slayer of sorrows	Gita 6.17
duḥkha-sanyoga-viyogam	state of severance from union with misery	Gita 6.23
duḥkha-taram	more painful	Gita 2.36
duḥkha-ālayam	place full of miseries	Gita 8.15
duḥkhaiḥ	misery	Gita 14.20
duḥkhe	in distress	Gita 2.38
duḥkhena	by sorrow	Gita 6.22
duḥkheṣu	amidst miseries; and distress	Gita 2.56; Gita 6.7
duḥkhānām	of sorrows	Gita 2.65
duḥsvapna-nāśanaḥ	The compassionate destroyer of bad dreams, evil omens, and mental distress	VS · Shloka 99
duṣkṛtihā	The destroyer of evil deeds, demonic vices, and past karmic burdens of devotees	VS · Shloka 99
duṣkṛtinaḥ	the evil doers	Gita 7.15
duṣkṛtām	the wicked	Gita 4.8; VS · Phala Śruti 31
duṣprāpaḥ	difficult to attain	Gita 6.36
duṣpūram	insatiable	Gita 16.10
duṣpūreṇa	insatiable	Gita 3.39
dvaidhāḥ	doubts	Gita 5.25
dvandva	duality; of duality; of dualities	Gita 4.22; Gita 7.27; Gita 7.28
dvandvaiḥ	from the dualities	Gita 15.5
dvandvaḥ	the dual	Gita 10.33
dvau	two	Gita 15.16; Gita 16.6
dveṣa	aversion	Gita 2.64; Gita 7.27
dveṣau	aversion	Gita 3.34
dveṣaḥ	aversion	Gita 13.7
dveṣya	the envious	Gita 6.9
dveṣyaḥ	inimical	Gita 9.29
dveṣṭi	dejected by; hate	Gita 2.57; Gita 5.3; Gita 18.10; Gita 12.17; Gita 14.22
dvi-vidhā	two kinds of	Gita 3.3
dvija-uttama	O best of the twice-born	Gita 1.7
dviṣataḥ	hateful	Gita 16.19
dvāram	door; gates	Gita 2.32; Gita 16.21
dvāreṣu	through the gates	Gita 14.11
dwija	the Brahmins	Gita 17.14
dyau-ā-pṛthivyoḥ	between heaven and earth	Gita 11.20
dyauḥ	heaven	VS · Phala Śruti 14; VS · Dhyānam 2
dyutidharaḥ	Possessing majestic, glowing effulgence that radiates throughout creation	VS · Shloka 81
dyutim	effulgence	Gita 11.17
dyūtam	gambling	Gita 10.36
dākṣyam yuddhe	skill in weaponry	Gita 18.43
dāna	charity	Gita 17.24; Gita 17.25; Gita 18.3; Gita 18.5
dānaiḥ	by charity	Gita 11.48
dānam	charity; large-heartedness	Gita 10.5; Gita 16.1; Gita 17.7; Gita 17.20; Gita 17.21; Gita 17.22; Gita 18.5; Gita 18.43
dānavāḥ	the demons	Gita 10.14
dāne	in charity	Gita 17.27
dānena	by charity	Gita 11.53
dāneṣu	in giving charities	Gita 8.28
dāra	spouse	Gita 13.10
dāsyante	will grant	Gita 3.12
dāsyāmi	I shall give alms	Gita 16.15
dātavyam	worthy of charity	Gita 17.20
dāḥ	give	Gita 2.14
dīpaḥ	a lamp	Gita 6.19
dīpena	with the lamp	Gita 10.11
dīpta	blazing	Gita 11.24
dīpta-anala	blazing fire	Gita 11.17
dīptam	effulgent	Gita 11.24
dīptamūrtiḥ	Radiating blazing, self-luminous transcendental light of pure consciousness	VS · Shloka 77
dīpti-mantam	shining	Gita 11.17
dīrgha-sūtrī	procrastinating	Gita 18.28
dīyate	is given	Gita 17.20; Gita 17.21; Gita 17.22
dūra-stham	very far away	Gita 13.16
dūreṇa	(discrad) from far away	Gita 2.49
dṛptaḥ	Ever rejoicing in the contemplation of His own infinite, supreme bliss	VS · Shloka 76
dṛḍha-vratāḥ	with determination; with great determination	Gita 7.28; Gita 9.14
dṛḍham	obstinate; very	Gita 6.34; Gita 18.64
dṛḍhena	strong	Gita 15.3
dṛṣṭavān	seeing	Gita 11.53; Gita 11.52
dṛṣṭaḥ	observed	Gita 2.16
dṛṣṭim	views	Gita 16.9
ebhiḥ	all these; from the influence of these	Gita 7.13; Gita 18.40
ebhyaḥ	to them; these	Gita 3.12; Gita 7.13
edhānsi	firewood	Gita 4.37
eka	exclusively; by one	Gita 7.17; Gita 10.42
eka-agram	one-pointed	Gita 6.12
eka-agreṇa cetasā	with a concentrated mind	Gita 18.72
eka-akṣaram	one syllabled	Gita 8.13
eka-stham	assembled together; established in one place; situated in the same place	Gita 11.7; Gita 11.13; Gita 13.31
ekam	one; in one; only	Gita 3.2; Gita 5.1; Gita 5.4; Gita 5.5; Gita 18.20; Gita 18.66; Gita 10.25; VS · Yudhiṣṭhira uvāca
ekapāt	The universe is but a fraction (single quarter) of His infinite cosmic majesty	VS · Shloka 82
ekasmin	in single	Gita 18.22
ekatvam	in unity	Gita 6.31
ekatvena	undifferentiated oneness	Gita 9.15
ekayā	by one	Gita 8.26
eke	some	Gita 18.3
ekena	alone	Gita 11.20
ekā	single	Gita 2.41
ekākī	alone	Gita 6.10
ekāntam	at all	Gita 6.16
ekātmā	The peerless, unique Supreme Soul and Master of all existence	VS · Shloka 103
enam	this; this soul; him; this (the soul)	Gita 2.19; Gita 2.21; Gita 2.23; Gita 2.25; Gita 2.26; Gita 2.29; Gita 3.37; Gita 3.41; Gita 4.42; Gita 6.27; Gita 11.50; Gita 15.3; Gita 15.11
enām	this	Gita 2.72
etaiḥ	by these; from this	Gita 3.40; Gita 16.22
etasya	of this	Gita 6.33
etat	this; thus; all these; all this; these; on this; even this	Gita 2.3; Gita 2.6; Gita 3.32; Gita 4.3; Gita 4.4; Gita 6.26; Gita 6.39; Gita 6.42; Gita 10.14; Gita 11.3; Gita 11.35; Gita 13.1; Gita 13.2; Gita 13.7; Gita 13.12; Gita 13.19; Gita 15.20; Gita 16.21; Gita 17.16; Gita 17.26; Gita 18.63; Gita 18.72; Gita 18.75; Gita 12.11
etat sarvam janārdanāt	all this from Janārdana	VS · Phala Śruti 19
etat yonīni	these two (energies) are the source of	Gita 7.6
etayoḥ	of the two	Gita 5.1
ete	these; all     these; these two	Gita 2.15; Gita 4.29; Gita 4.30; Gita 7.18; Gita 8.26; Gita 8.27; Gita 11.33; Gita 18.15; Gita 1.38
etena	by this	Gita 3.39; Gita 10.42
eti	takes; comes; gets	Gita 4.9; Gita 8.6; Gita 11.55
etām	this; these; such	Gita 1.3; Gita 10.7; Gita 16.9
etān	these	Gita 14.20; Gita 14.21; Gita 14.26; Gita 1.25; Gita 1.35
etān nirīkṣe aham	I may look upon these	Gita 1.22
etāni	these	Gita 14.12; Gita 14.13; Gita 15.8; Gita 18.6; Gita 18.13
etāvat	still	Gita 16.11
eva	certainly; indeed; even; only; verily; yet; as; alone; surely; also; especially; truly; and also	Gita 2.5; Gita 2.6; Gita 2.12; Gita 2.24; Gita 2.28; Gita 2.29; Gita 2.47; Gita 2.55; Gita 3.4; Gita 3.12; Gita 3.17; Gita 3.18; Gita 3.20; Gita 3.21; Gita 3.22; Gita 4.3; Gita 4.11; Gita 4.15; Gita 4.20; Gita 4.24; Gita 4.25; Gita 4.36; Gita 5.8; Gita 5.13; Gita 5.15; Gita 5.18; Gita 5.22; Gita 5.24; Gita 5.27; Gita 5.28; Gita 6.3; Gita 6.5; Gita 6.6; Gita 6.16; Gita 6.18; Gita 6.20; Gita 6.21; Gita 6.24; Gita 6.26; Gita 6.42; Gita 6.44; Gita 7.4; Gita 7.12; Gita 7.14; Gita 7.18; Gita 7.21; Gita 7.22; Gita 8.4; Gita 8.5; Gita 8.6; Gita 8.7; Gita 8.10; Gita 8.18; Gita 8.19; Gita 8.23; Gita 8.28; Gita 9.12; Gita 9.16; Gita 9.17; Gita 9.19; Gita 9.23; Gita 9.24; Gita 9.30; Gita 9.34; Gita 10.1; Gita 10.4; Gita 10.5; Gita 10.11; Gita 10.13; Gita 10.15; Gita 10.20; Gita 10.32; Gita 10.33; Gita 10.38; Gita 10.41; Gita 11.8; Gita 11.22; Gita 11.25; Gita 11.26; Gita 11.28; Gita 11.33; Gita 11.35; Gita 11.40; Gita 11.45; Gita 13.1; Gita 13.5; Gita 13.6; Gita 13.15; Gita 13.16; Gita 13.20; Gita 13.26; Gita 13.30; Gita 13.31; Gita 14.10; Gita 14.13; Gita 14.17; Gita 14.22; Gita 15.4; Gita 15.7; Gita 15.9; Gita 15.15; Gita 15.16; Gita 16.4; Gita 16.6; Gita 16.19; Gita 16.20; Gita 17.2; Gita 17.3; Gita 17.6; Gita 17.12; Gita 17.18; Gita 17.27; Gita 18.5; Gita 18.8; Gita 18.9; Gita 18.19; Gita 18.29; Gita 18.31; Gita 18.35; Gita 18.42; Gita 18.50; Gita 18.62; Gita 18.65; Gita 18.68; Gita 12.13; Gita 13.9
evam sati	in spite of this	Gita 18.16
evam-rūpaḥ	in this form	Gita 11.48
evam-vidhaḥ	like this	Gita 11.53; Gita 11.54
eṣaḥ	these; this	Gita 3.10; Gita 3.37; Gita 3.40; Gita 10.40; VS · Pūrva Pīṭhikā 14
eṣyasi	you shall attain; you will come	Gita 8.7; Gita 9.34; Gita 18.65
eṣyati	comes	Gita 18.68
eṣā	hitherto; such; this	Gita 2.39; Gita 2.72; Gita 7.14
gabhirātmā	Possessing a nature that is unfathomably deep, serene, and majestic	VS · Shloka 100
gacchan	moving	Gita 5.8
gacchanti	attain; go; rise	Gita 2.51; Gita 5.17; Gita 8.24; Gita 14.18; Gita 15.5
gacchati	goes	Gita 6.37; Gita 6.40
gadinam	with club; carrying the mace	Gita 11.17; Gita 11.46
gadādharaḥ	Wielder of the celestial mace Kaumodaki representing cosmic intellect and power	VS · Shloka 107
gadāgrajaḥ	The elder brother of Gada (Sri Krishna) and the Lord who is invoked through sacred mantras (Gada)	VS · Shloka 81
gadī	bearer of the mace	VS · Shloka 108
gahanā	profound	Gita 4.17
gaja-indrāṇām	amongst all lordly elephants	Gita 10.27
gamaḥ	yield to	Gita 2.3
gamyate	is attained	Gita 5.5
gandha	fragrances	Gita 11.11
gandharva	Gandharvas	Gita 11.22
gandharvāṇām	amongst the gandharvas	Gita 10.26
gandhaḥ	fragrance	Gita 7.9
gandhān	fragrance	Gita 15.8
gantavyam	to be attained	Gita 4.24
gantāsi	you shall acquire	Gita 2.52
garbham	womb	Gita 14.3
garbhaḥ	embryo	Gita 3.38
garīyase	who are greater	Gita 11.37
garīyaḥ	is preferable	Gita 2.6
garīyān	glorious	Gita 11.43
gata āsūn	the dead	Gita 2.11
gata-rasam	tasteless	Gita 17.10
gata-sandehaḥ	free from doubts	Gita 18.73
gata-saṅgasya	free from material attachments	Gita 4.23
gata-āgatam	repeated coming and going	Gita 9.21
gataḥ	have become	Gita 11.51
gatim	progress; destination; path; goal	Gita 2.42; Gita 2.43; Gita 6.37; Gita 6.45; Gita 7.18; Gita 8.13; Gita 8.21; Gita 9.32; Gita 13.29; Gita 16.20; Gita 16.22; Gita 16.23
gatiḥ	the true path; the supreme goal	Gita 4.17; Gita 9.18
gatvā	attaining; having gone	Gita 14.15; Gita 15.6
gatāḥ	having achieved; attained; having gone	Gita 8.15; Gita 14.1; Gita 15.4
gatī	movement; paths	Gita 4.29; Gita 8.26
gau-rakṣya	dairy farming	Gita 18.44
gavi	a cow	Gita 5.18
gehe	in the house	Gita 6.41
ghnataḥ	even if they would kill me	Gita 1.35
ghoram	terrible; stern	Gita 11.49; Gita 17.5
ghore	terrible	Gita 3.1
ghoreṣu vyādhiṣu	in terrible diseases	VS · Phala Śruti 32
ghrāṇam	nose	Gita 15.9
ghātayati	causes to be killed	Gita 2.21
ghṛtāśīḥ	Receiving pure ghee offerings in sacred Vedic sacrifices with pleasure	VS · Shloka 79
girām	amongst chants	Gita 10.25
glāniḥ	decline	Gita 4.7
govinda	O Govinda	Gita 1.32
govindam	Krishna, the giver of pleasure to the senses	Gita 2.9
grasamānaḥ	devouring	Gita 11.30
grasiṣṇu	the annihilator	Gita 13.17
grāheṇa	with endeavor	Gita 17.19
grāhyam	grasp	Gita 6.21
grāhān	things	Gita 16.10
grīvam	neck	Gita 6.13
guhya-tamam	the most confidential; most secret	Gita 9.1; Gita 15.20
guhya-taram	still more secret knowledge	Gita 18.63
guhyam	confidential; confidential knowledge; secret	Gita 11.1; Gita 18.68; Gita 18.75
guhyānām	amongst secrets	Gita 10.38
guhyāt	than secret knowledge	Gita 18.63
guru	the spiritual master	Gita 17.14
guruṇā	(by) the greatest	Gita 6.22
gurūn	teachers; noble elders	Gita 2.5
guḍākeśa	Arjun, the conqueror of sleep	Gita 10.20; Gita 11.7
guḍākeśaḥ	Arjun, the conquerer of sleep	Gita 2.9
guḍākeśena	by Guḍākeśa / Arjuna	Gita 1.24
guṇa	by the modes of material nature; of quality; sense-objects; quality; modes of material nature	Gita 3.29; Gita 4.13; Gita 13.15; Gita 14.18; Gita 15.2
guṇa-anvitam	under the spell of the modes of material nature	Gita 15.10
guṇa-atītaḥ	risen above the three modes of material nature	Gita 14.25
guṇa-bhedataḥ	distinguished according to the three modes of material nature	Gita 18.19
guṇa-bhoktṛ	the enjoyer of the three modes of material nature	Gita 13.15
guṇa-bhṛt	The independent Master who possesses and supports all infinite auspicious divine qualities (Gunas)	VS · Shloka 90
guṇa-karma	from guṇas and karma	Gita 3.28
guṇa-karmasu	to results of actions	Gita 3.29
guṇa-mayaiḥ	consisting of the modes of material nature	Gita 7.13
guṇa-mayī	consisting of the three modes of nature	Gita 7.14
guṇa-saṅgaḥ	the attachment (to three guṇas)	Gita 13.22
guṇa-saṅkhyāne	Sānkhya philosophy, which describes the modes of material nature	Gita 18.19
guṇaiḥ	by the qualities; by the three modes; the three modes of nature; to the modes of material nature; modes of material nature	Gita 3.5; Gita 3.27; Gita 13.24; Gita 14.23; Gita 18.40
guṇataḥ tri-vidham	according to the three modes of material nature	Gita 18.29
guṇebhyaḥ	of the guṇas; to the modes of nature	Gita 14.19
guṇeṣu	modes of material nature in the shape of objects of perception	Gita 3.28
guṇān	the three modes of nature; the three modes of material nature; modes of material nature	Gita 13.20; Gita 13.22; Gita 14.20; Gita 14.21; Gita 14.26
guṇāḥ	modes of material nature in the shape of the senses, mind, etc; modes; modes of material nature	Gita 3.28; Gita 14.5; Gita 14.23
gām	earth	Gita 15.13
gāyatrī	the Gayatri mantra	Gita 10.35
gāṇḍīvam	the Gāṇḍīva bow	Gita 1.30
gītam	sung	Gita 13.5
gṛha-ādiṣu	home, etc	Gita 13.10
gṛhyate	can be controlled	Gita 6.35
gṛhītvā	taking; being attracted to	Gita 15.8; Gita 16.10
gṛhṇan	accepting; by accepting	Gita 5.8; Gita 5.9
gṛhṇāti	accepts	Gita 2.22
gṛṇanti	praise	Gita 11.21
haniṣye	I shall destroy	Gita 16.14
hanta	yes	Gita 10.19
hanti	slays; kills; kill	Gita 2.19; Gita 2.21; Gita 18.17
hantum	to kill	Gita 1.37; Gita 1.35
hantum sva-janam udyatāḥ	we are ready to kill our own people	Gita 1.45
hantāram	the slayer	Gita 2.19
hanyamāne	is destroyed	Gita 2.20
hanyate	is killed	Gita 2.19; Gita 2.20
haranti	carry away	Gita 2.60
harati	carries away	Gita 2.67
hareḥ	of Lord Krishna	Gita 18.77
harṣa-śoka-anvitaḥ	moved by joy and sorrow	Gita 18.27
hastini	an elephant	Gita 5.18
hatam	slain	Gita 2.19
hataḥ	slain; has been destroyed	Gita 2.37; Gita 16.14
hatvā	by killing; killing; after killing; slay	Gita 1.31; Gita 2.5; Gita 2.6; Gita 18.17; Gita 1.37
hatvā etān ātatāyinaḥ	by killing these aggressors	Gita 1.36
hatān	already killed	Gita 11.34
haviḥ	the oblation; The sacred sacrificial offering accepted with grace by the Lord in all rituals	Gita 4.24; VS · Shloka 74
he kṛṣṇa	O Shree Krishna	Gita 11.41
he sakhe	O my dear mate	Gita 11.41
he yādava	O Shree Krishna, who was born in the Yadu clan	Gita 11.41
hemāṅgaḥ	Having beautiful divine limbs that shine with the luster of molten gold	VS · Shloka 79
hetavaḥ	factors	Gita 18.15
hetu-madbhiḥ	with logic	Gita 13.5
hetunā	reason	Gita 9.10
himālayaḥ	the Himalayas	Gita 10.25
hinasti	degrade	Gita 13.29
hinsā-ātmakaḥ	violent-natured	Gita 18.27
hinsām	injury	Gita 18.25
hita-kāmyayā	for desiring your welfare	Gita 10.1
hitam	benefit	Gita 18.64; Gita 17.15
hite	in welfare work	Gita 5.25
hitvā	abandoning	Gita 2.33
hriyate	is attracted	Gita 6.44
hrīḥ	modesty	Gita 16.2
hutabhuk	The enjoyer who accepts and consumes all oblations poured into the sacred sacrificial fires; The receiver and enjoyer of all sacred oblations offered in holy sacrifices	VS · Shloka 94; VS · Shloka 95
hutam	offered; the act offering; sacrifice	Gita 4.24; Gita 9.16; Gita 17.28
hāniḥ	destruction	Gita 2.65
hṛdaya	heart	Gita 2.3
hṛdayāni vyadārayat	tore asunder the hearts	Gita 1.19
hṛdyāḥ	pleasing to the heart	Gita 17.8
hṛt-deśe	in the hearts	Gita 18.61
hṛt-stham	situated in the heart	Gita 4.42
hṛta-jñānāḥ	whose knowledge has been carried away	Gita 7.20
hṛṣitaḥ	great joy	Gita 11.45
hṛṣyāmi	I rejoice; I am thrilled with joy	Gita 18.76; Gita 18.77
hṛṣīka-īśa	Shree Krishna, the master of the senses	Gita 11.36
hṛṣīkeśa	Krishna, the Lord of the senses	Gita 18.1
hṛṣīkeśam	to Hṛṣīkeśa; to Shree Krishna, the master of the mind and senses	Gita 1.21; Gita 2.9
hṛṣṭa-romā	with hair standing on end	Gita 11.14
icchantaḥ	desiring	Gita 8.11
icchasi	you wish	Gita 11.7; Gita 18.60; Gita 18.63
icchati	desires	Gita 7.21
icchā	desires; wishes; desire	Gita 5.27; Gita 5.28; Gita 7.27; Gita 13.7
icchāmi	I desire; I wish	Gita 11.3; Gita 11.31; Gita 11.46; Gita 13.1; Gita 18.1; Gita 1.35
idam	these; this; which we see	Gita 2.1; Gita 2.2; Gita 2.10; Gita 2.17; Gita 3.31; Gita 3.38; Gita 7.2; Gita 7.5; Gita 7.7; Gita 7.13; Gita 8.22; Gita 8.28; Gita 9.1; Gita 9.2; Gita 9.4; Gita 10.42; Gita 11.20; Gita 11.41; Gita 11.47; Gita 11.49; Gita 11.51; Gita 11.52; Gita 13.2; Gita 14.2; Gita 15.20; Gita 16.13; Gita 16.21; Gita 18.46; Gita 18.67; Gita 18.68; Gita 1.21; Gita 1.28; VS · Phala Śruti 1; VS · Phala Śruti 2
idam eteṣām balam	this strength of theirs	Gita 1.10
idānīm	now	Gita 11.51; Gita 18.36
iha	in this world; in this; on this path; in this life; here; in the material world; this world; in this very life; in the present body	Gita 2.5; Gita 2.40; Gita 2.41; Gita 2.50; Gita 3.16; Gita 3.18; Gita 3.37; Gita 4.2; Gita 4.12; Gita 4.38; Gita 6.40; Gita 7.2; Gita 11.7; Gita 11.32; Gita 15.3; Gita 16.24; Gita 17.18; Gita 17.28; Gita 5.19; Gita 5.23; VS · Phala Śruti 2
ijyate	is performed	Gita 17.11; Gita 17.12
ijyayā	by worship	Gita 11.53
ikṣvākave	to Ikshvaku, first king of the Solar dynasty	Gita 4.1
imam	this; this (science); these	Gita 2.33; Gita 4.1; Gita 4.2; Gita 9.8; Gita 9.33; Gita 13.34; Gita 16.13; Gita 17.7; Gita 18.70; Gita 18.74; Gita 18.76; Gita 1.28
imam stavam	this hymn	VS · Phala Śruti 21
imam stavam adhīyānaḥ	studying this hymn	VS · Phala Śruti 12
imau	these	Gita 15.16
ime	these; all these	Gita 2.12; Gita 2.18; Gita 3.24; Gita 1.33
imām	this	Gita 2.39
imān	these; this	Gita 10.16; Gita 18.17
imāḥ	all these	Gita 3.24; Gita 10.6
indra-karmā	Performing majestic, noble, and heroic deeds worthy of the supreme King of kings	VS · Shloka 84
indriya	of the senses; the senses; senses	Gita 4.26; Gita 4.27; Gita 5.27; Gita 5.28; Gita 6.12; Gita 13.15; Gita 18.33; Gita 18.38
indriya-arthebhyaḥ	from the sense objects; from sense objects	Gita 2.58; Gita 2.68
indriya-artheṣu	in sense-objects; in sense gratification; for sense-objects; toward objects of the senses	Gita 5.8; Gita 5.9; Gita 6.4; Gita 13.9
indriya-arthān	sense objects	Gita 3.6
indriya-go-carāḥ	the (five) objects of the senses	Gita 13.6
indriya-ārāmaḥ	for the delight of their senses	Gita 3.16
indriyaiḥ	by the senses; with the senses	Gita 2.64; Gita 5.11
indriyasya	of the senses	Gita 3.34
indriyasya arthe	in the sense objects	Gita 3.34
indriyaḥ	senses	Gita 4.39
indriyebhyaḥ	than the senses	Gita 3.42
indriyāṇi	senses; the senses	Gita 2.58; Gita 2.60; Gita 2.61; Gita 2.68; Gita 3.7; Gita 3.40; Gita 3.41; Gita 3.42; Gita 4.26; Gita 5.8; Gita 5.9; Gita 13.6; Gita 15.7; VS · Phala Śruti 16
indriyāṇām	of the senses; of amongst the senses	Gita 2.8; Gita 2.67; Gita 10.22
itaraḥ	common	Gita 3.21
itaḥ	besides this; through this	Gita 7.5; Gita 14.1
iti	thus; therefore; that; as; these; such	Gita 1.25; Gita 2.9; Gita 2.42; Gita 3.27; Gita 3.28; Gita 4.3; Gita 4.4; Gita 4.14; Gita 4.16; Gita 5.8; Gita 5.9; Gita 6.2; Gita 6.8; Gita 6.18; Gita 6.36; Gita 7.4; Gita 7.6; Gita 7.12; Gita 7.19; Gita 8.13; Gita 8.21; Gita 9.6; Gita 10.8; Gita 11.4; Gita 11.21; Gita 11.41; Gita 11.50; Gita 13.2; Gita 13.12; Gita 13.19; Gita 13.23; Gita 14.5; Gita 14.11; Gita 15.17; Gita 15.20; Gita 16.11; Gita 16.15; Gita 17.2; Gita 17.16; Gita 17.20; Gita 17.23; Gita 17.24; Gita 17.25; Gita 17.26; Gita 17.27; Gita 17.28; Gita 18.3; Gita 18.6; Gita 18.8; Gita 18.9; Gita 18.11; Gita 18.18; Gita 18.32; Gita 18.59; Gita 18.63; Gita 18.64; Gita 18.70; Gita 18.74; Gita 1.44; VS · Phala Śruti 1
iti-evam	knowing it in this way	Gita 14.23
iva	as if; as; as it were; like; apparently	Gita 2.10; Gita 2.58; Gita 2.67; Gita 3.2; Gita 3.36; Gita 5.10; Gita 6.34; Gita 6.38; Gita 7.7; Gita 11.44; Gita 13.17; Gita 15.8; Gita 18.48
iyam	all these; this	Gita 7.4; Gita 7.5
iṅgate	flickers; wavering	Gita 6.19; Gita 14.23
iṣubhiḥ	with arrows	Gita 2.4
iṣṭa	the desirable	Gita 13.10
iṣṭa-kāma-dhuk	bestower of all wishes	Gita 3.10
iṣṭam	pleasant	Gita 18.12
iṣṭvā	worship	Gita 9.20
iṣṭān	desired	Gita 3.12
iṣṭāḥ	dear	Gita 17.9
jagat	the material world; universe; cosmic manifestation; creation; the universe; solar system; the world	Gita 7.5; Gita 7.13; Gita 9.4; Gita 9.10; Gita 10.42; Gita 11.7; Gita 11.13; Gita 11.30; Gita 11.36; Gita 15.12; Gita 16.8
jagat sa-cara-acaram	the moving and unmoving world	VS · Phala Śruti 15
jagat-nivāsa	The shelter of the universe; Refuge of the universe; abode of the universe	Gita 11.25; Gita 11.37; Gita 11.45
jagat-pate	the Lord of the universe	Gita 10.15
jagataḥ	creation; of the material world; universe; of the world	Gita 7.6; Gita 8.26; Gita 9.17; Gita 16.9
jagataḥ prabhum avyayam	imperishable Lord of the world	VS · Phala Śruti 22
jaghanya	abominable	Gita 14.18
jahi	kill; slay	Gita 3.43; Gita 11.34
jahāti	get rid of	Gita 2.50
jana-adhipāḥ	kings	Gita 2.12
jana-janmādiḥ	The primordial cause behind the birth, sustenance, and evolution of all living entities	VS · Shloka 101
jana-sansadi	for mundane society	Gita 13.11
janaka-ādayaḥ	King Janak and other kings	Gita 3.20
jananaḥ	The supreme Creator and Father of all living beings	VS · Shloka 101
janayet	should create	Gita 3.26
janaārdana	Shree Krishna, he who looks after the public	Gita 10.18
janaḥ	people	Gita 3.21
janma	birth; births; of birth	Gita 2.27; Gita 4.4; Gita 4.9; Gita 6.42; Gita 6.45; Gita 8.15; Gita 13.9; Gita 14.20; Gita 8.16
janma-bandha-vinirmuktāḥ	freedom from the bondage of life and death	Gita 2.51
janma-karma-phala	high birth and fruitive results	Gita 2.42
janma-karma-phala-pradām	resulting  in  fruitive    action, good        birth,     etc	Gita 2.43
janma-mṛtyu-jarā-vyādhi-bhayam	fear of birth, death, old age, disease	VS · Phala Śruti 11
janma-mṛtyu-jarātigaḥ	Completely transcendent and untouched by birth, death, old age, or decay	VS · Shloka 103
janmani janmani	in birth after birth	Gita 16.20
janmanām	births	Gita 7.19
janmasu	of birth	Gita 13.22
janmāni	births	Gita 4.5
jantavaḥ	the living entities	Gita 5.15
janānām	of persons	Gita 7.28
janārdana	O Janārdana; he who looks after the public, Krishna	Gita 1.36; Gita 1.39; Gita 1.44; Gita 3.1; Gita 11.51; VS · Phala Śruti 23
janāḥ	people; persons	Gita 7.16; Gita 8.17; Gita 8.24; Gita 9.22; Gita 16.7; Gita 17.4; Gita 17.5; VS · Phala Śruti 30
japa-yajñaḥ	sacrifice of the devotional repetition of the divine names of God	Gita 10.25
jarā	old age; from old age	Gita 2.13; Gita 7.29; Gita 13.9; Gita 14.20
jaya-ajayau	victory and defeat	Gita 2.38
jayadratham	Jayadratha	Gita 11.34
jayantaḥ	The ultimate cause of triumph who ensures the victory of righteousness	VS · Shloka 85
jayema	we may conquer	Gita 2.6
jayeyuḥ	they may conquer	Gita 2.6
jaṅgama-ajaṅgamam	moving and unmoving	VS · Phala Śruti 18
jaṅgamam	moving	Gita 13.27
jhaṣāṇām	of all acquatics	Gita 10.31
jighran	smelling	Gita 5.8
jigīṣatām	amongst those who seek victory	Gita 10.38
jijñāsuḥ	inquisitive; the seekers of knowledge	Gita 6.44; Gita 7.16
jijīviṣāmaḥ	we desire to live	Gita 2.6
jirṇāni	worn-out	Gita 2.22
jita	having overcome	Gita 15.5
jita-indriyaḥ	having conquered the senses	Gita 5.7
jita-manyuḥ	Completely victorious over anger, maintaining absolute serenity at all times	VS · Shloka 100
jita-ātmanaḥ	one who has conquered one’s mind	Gita 6.7
jita-ātmā	who have mastered their mind	Gita 18.49
jitaḥ	conquer; conquered	Gita 5.19; Gita 6.6
jitvā	by achieving victory; conquer	Gita 2.37; Gita 11.33
joṣayet	should inspire (them) to perform	Gita 3.26
juhoṣi	offer to the sacred fire	Gita 9.27
juhvati	sacrifice; offer; sacrifices	Gita 4.26; Gita 4.27; Gita 4.29; Gita 4.30
juṣṭam	practiced	Gita 2.2
jvaladbhiḥ	blazing	Gita 11.30
jvalanam	fire	Gita 11.29
jyotiḥ	light; the source of light; The self-luminous supreme Light that illuminates all suns, stars, and minds	Gita 8.24; Gita 8.25; Gita 13.18; VS · Shloka 94
jyotiṣām	amongst luminous objects; in all luminarie	Gita 10.21; Gita 13.18
jyāyasī	superior	Gita 3.1
jyāyaḥ	superior	Gita 3.8
jñeyam	the goal of knowledge; ought to be known; to be known; the object of knowledge	Gita 13.1; Gita 13.13; Gita 13.17; Gita 13.18; Gita 13.19; Gita 18.18
jñeyaḥ	should be considered; to be known	Gita 5.3; Gita 8.2
jñāna	knowledge; of knowledge; divine knowledge; by knowledge	Gita 3.41; Gita 4.10; Gita 4.19; Gita 4.41; Gita 4.42; Gita 5.17; Gita 6.8; Gita 10.11; Gita 13.12; Gita 14.6; Gita 16.1; Gita 18.70
jñāna-agniḥ	the fire of knowledge	Gita 4.37
jñāna-avasthita	established in divine knowledge	Gita 4.23
jñāna-cakṣuṣaḥ	those who possess the eyes of knowledge	Gita 15.10
jñāna-cakṣuṣā	with the eyes of knowledge	Gita 13.35
jñāna-dīpite	kindled by knowledge	Gita 4.27
jñāna-gamyam	the goal of knowledge	Gita 13.18
jñāna-plavena	by the boat of divine knowledge	Gita 4.36
jñāna-vatām	in the wise	Gita 10.38
jñāna-vān	the wise; one who is endowed with knowledge	Gita 3.33; Gita 7.19
jñāna-yajñaḥ	sacrifice performed in knowledge	Gita 4.33
jñāna-yajñena	yajña of cultivating knowledge	Gita 9.15
jñāna-yajñāḥ	those offer cultivation of transcendental knowledge as sacrifice	Gita 4.28
jñāna-yogena	through the path of knowledge	Gita 3.3
jñānasya	of knowledge	Gita 18.50
jñāne	in knowledge	Gita 4.33
jñānena	with divine knowledge; by divine knowledge	Gita 4.38; Gita 5.16
jñānibhyaḥ	than the persons of learning	Gita 6.46
jñāninaḥ	of the wise; the enlightened; to the person in knowledge	Gita 3.39; Gita 4.34; Gita 7.17
jñānānām	of all knowledge	Gita 14.1
jñānī	those who are situated in knowledge; those in knowledge	Gita 7.16; Gita 7.17; Gita 7.18
jñāsyasi	you shall know	Gita 7.1
jñātavyam	to be known	Gita 7.2
jñātena tava	can be known by you	Gita 10.42
jñātum	to be known	Gita 11.54
jñātvā	knowing; having known; having realized; having understood	Gita 4.15; Gita 4.16; Gita 4.32; Gita 4.35; Gita 5.29; Gita 7.2; Gita 9.1; Gita 9.13; Gita 13.13; Gita 14.1; Gita 16.24; Gita 18.55
jāgarti	is awake	Gita 2.69
jāgrataḥ	of one who does not sleep enough	Gita 6.16
jāgrati	are awake	Gita 2.69
jāhnavī	the Ganges	Gita 10.31
jāla	mesh; by a   network	Gita 16.15; Gita 16.16
jānan	knowing	Gita 8.27
jāne	know	Gita 11.25
jānāti	know	Gita 15.19
jātasya	for one who has been born	Gita 2.27
jāti-dharmāḥ	the dharmas of the community	Gita 1.43
jātu	at any time; ever	Gita 2.12; Gita 3.5; Gita 3.23
jātāḥ	born	Gita 10.6
jāyante	develop; manifest	Gita 14.12; Gita 14.13
jāyate	are born; takes birth	Gita 14.15; Gita 2.20
jāyate varṇa-saṅkaraḥ	unwanted intermixture of varṇas arises	Gita 1.41
jīrṇāni	worn-out	Gita 2.22
jīva-bhūtaḥ	the embodied souls	Gita 15.7
jīva-bhūtām	living beings	Gita 7.5
jīva-loke	in the material world	Gita 15.7
jīvanam	the life-force	Gita 7.9
jīvanaḥ	The supreme Life-Giver and sustainer of all living entities	VS · Shloka 99
jīvati	live	Gita 3.16
kaccit	whether	Gita 6.38; Gita 18.72
kadācana	at any time	Gita 2.47; Gita 18.67
kadācit	at any time	Gita 2.20
kaiḥ	by what	Gita 14.21; Gita 1.22
kalayatām	of all that controls	Gita 10.30
kalevaram	the body	Gita 8.5; Gita 8.6
kalilam	quagmire	Gita 2.52
kalmaṣaḥ	sins	Gita 6.28
kalmaṣāḥ	of impurities; sinful    reactions; sins	Gita 4.29; Gita 4.30; Gita 5.17
kalpa-kṣaye	at the end of a kalpa	Gita 9.7
kalpa-ādau	at the beginning of a kalpa	Gita 9.7
kalpate	becomes eligible; comes to; is fit	Gita 2.15; Gita 14.26; Gita 18.53
kalyāṇa-kṛt	one who strives for God-realization	Gita 6.40
kam	whom	Gita 2.21
kamala-patra-akṣa	lotus-eyed one	Gita 11.2
kamala-āsana-stham	seated on the lotus flower	Gita 11.15
kandarpaḥ	Kaamdev, the god of love	Gita 10.28
kapi-dhvajaḥ	he whose banner bears the monkey / Arjuna	Gita 1.20
kapilaḥ	Possessing a glowing reddish-golden complexion, and the sage Kapila who taught spiritual wisdom	VS · Shloka 96; Gita 10.26
kapiḥ	He who drinks the waters of creation (Ka = water, Pa = drink) as the Sun and Varaha	VS · Shloka 96
kariṣyasi	act; you will do	Gita 2.33; Gita 18.60
kariṣyati	will do	Gita 3.33
kariṣye	I shall act	Gita 18.73; VS · Saṅkalpaḥ
karma	reward-seeking actions; work; Vedic duties; action; prescribed duties; duties; activities; and activities; actions; duty; offering; works; working without attachment; karmic action; the principle of karma; fruitive activities; acts; the act	Gita 2.49; Gita 3.5; Gita 3.8; Gita 3.9; Gita 3.14; Gita 3.15; Gita 3.19; Gita 3.24; Gita 4.9; Gita 4.13; Gita 4.15; Gita 4.16; Gita 4.18; Gita 4.21; Gita 4.23; Gita 4.24; Gita 4.33; Gita 5.11; Gita 6.1; Gita 6.3; Gita 7.29; Gita 8.1; Gita 8.3; Gita 9.28; Gita 15.2; Gita 16.24; Gita 17.27; Gita 18.3; Gita 18.5; Gita 18.8; Gita 18.10; Gita 18.15; Gita 18.18; Gita 18.19; Gita 18.23; Gita 18.24; Gita 18.25; Gita 18.42; Gita 18.43; Gita 18.44; Gita 18.47; Gita 18.48; Gita 18.9
karma-bandham	bondage of karma	Gita 2.39
karma-bandhanaḥ	bondage through one’s work	Gita 3.9
karma-codanā	factors that induce action	Gita 18.18
karma-indriyaiḥ	by the working senses	Gita 3.7
karma-indriyāṇi	the organs of action	Gita 3.6
karma-jam	born of fruitive actions	Gita 2.51
karma-jā	from material activities	Gita 4.12
karma-jān	originating from works	Gita 4.32
karma-phala	results of the activities; fruits of actions; fruit of work	Gita 2.47; Gita 5.14; Gita 18.2; Gita 18.11; Gita 18.27
karma-phala-āsaṅgam	attachment to the fruits of action	Gita 4.20
karma-phalam	the results of all activities; results of actions	Gita 5.12; Gita 6.1
karma-phale	the fruits of action	Gita 4.14
karma-sanyāsāt	renunciation of actions	Gita 5.2
karma-saṅgena	through attachment to fruitive actions	Gita 14.7
karma-saṅginām	who are attached to fruitive actions	Gita 3.26
karma-saṅgiṣu	among people driven by work	Gita 14.15
karma-saṅgrahaḥ	constituents of action	Gita 18.18
karma-yogam	karm yog	Gita 3.7
karma-yogaḥ	working in devotion	Gita 5.2
karma-yogena	through the path of action; union with God with through path of action	Gita 3.3; Gita 13.25
karmabhiḥ	from the bondage of karma; result of action	Gita 3.31; Gita 4.14
karmasu	to actions; actions	Gita 6.4; Gita 9.9
karmasu kauśalam	the art of working skillfully	Gita 2.50
karmaṇaḥ	than fruitive action; than action; recommended action; of action; actions	Gita 3.1; Gita 3.9; Gita 4.17; Gita 14.16; Gita 18.7; Gita 18.12
karmaṇi	in prescribed duties; action; in the performance of prescribed duties; duties; in activities; toward actions; work	Gita 2.47; Gita 3.1; Gita 3.22; Gita 3.23; Gita 3.25; Gita 4.18; Gita 4.20; Gita 14.9; Gita 17.26; Gita 18.45
karmaṇā	by the performance of prescribed duties; actions	Gita 3.20; Gita 18.60
karmaṇām	of actions; material activities; activities; for fruitive actions; of karmas	Gita 3.4; Gita 4.12; Gita 5.1; Gita 7.28; Gita 14.12; Gita 18.2; Gita 18.13
karmibhyaḥ	than the ritualistic performers	Gita 6.46
karmāṇam	actions	Gita 4.19
karmāṇaḥ	actions	Gita 16.9
karomi	I do	Gita 5.8
karoṣi	you do	Gita 9.27
kartavyam	duty	Gita 3.22
kartavyāni	should be done as duty	Gita 18.6
kartum vyavasitāḥ vayam	we have resolved to commit	Gita 1.45
kartāram	the creator; agents of action; the doer	Gita 4.13; Gita 14.19; Gita 18.16
kartṛtvam	sense of doership	Gita 5.14
kartṛtve	in the matter of creation	Gita 13.21
karālam	terrifying	Gita 11.23
karālāni	terrible	Gita 11.25; Gita 11.26; Gita 11.27
karṇam	Karn	Gita 11.34
karṇaḥ	and Karṇa	Gita 1.8
karṣati	struggling	Gita 15.7
karṣayantaḥ	torment	Gita 17.6
kasmāt	why	Gita 11.37
kasyacit	anyone’s	Gita 5.15
katarat	which	Gita 2.6
katham	how	Gita 2.4; Gita 2.21; Gita 4.4; Gita 8.2; Gita 10.17; Gita 14.21; Gita 1.37
katham na jñeyam asmābhiḥ	why should it not be known by us	Gita 1.39
kathaya	describe	Gita 10.18
kathayantaḥ	speaking	Gita 10.9
kathayataḥ	speaking	Gita 18.75
kathayiṣyanti	will speak	Gita 2.34
kathayiṣyāmi	I shall describe	Gita 10.19
kathitaḥ	Celebrated, recounted, and glorified as the supreme Subject throughout all scriptures	VS · Shloka 91
kaumāram	childhood	Gita 2.13
kaunteya	Arjun, the son of Kunti; Arjun the son of Kunti; Arjun, the the son of Kunti	Gita 2.14; Gita 2.37; Gita 2.60; Gita 3.9; Gita 3.39; Gita 5.22; Gita 6.35; Gita 7.8; Gita 8.6; Gita 8.16; Gita 9.7; Gita 9.10; Gita 9.23; Gita 9.27; Gita 9.31; Gita 13.2; Gita 13.32; Gita 14.4; Gita 14.7; Gita 16.20; Gita 16.22; Gita 18.48; Gita 18.50; Gita 18.60
kavayaḥ	the wise; the learned	Gita 4.16; Gita 18.2
kavim	poet	Gita 8.9
kavīnām	amongst the great thinkers	Gita 10.37
kaścana	whatsoever; anyone; any	Gita 3.18; Gita 6.2; Gita 8.27; Gita 7.26
kaścit	someone; some; anyone; any	Gita 2.29; Gita 3.5; Gita 3.18; Gita 6.40; Gita 7.3; Gita 18.69; Gita 2.17
kaśmalam	delusion	Gita 2.2
kaṭu	bitter	Gita 17.9
kecit	some; some  of  them	Gita 11.21; Gita 11.26; Gita 11.27; Gita 13.25
kena	by what	Gita 3.36
kena upāyena laghunā	by what easy means	VS · Phala Śruti 26
kevalaiḥ	only	Gita 5.11
kevalam	only	Gita 4.21; Gita 18.16
keśava	O Keśava; Shree Krishna, killer of the Keshi Demon; Krishna, the killer of the demon named Keshi; Shree Krishna, the killer of the demon named Keshi	Gita 1.31; Gita 2.54; Gita 3.1; Gita 10.14; Gita 13.1
keśava-arjunayoḥ	between Lord Shree Krishna and Arjun	Gita 18.76
keśavasya	of Shree Krishna	Gita 11.35; VS · Phala Śruti 1
keśī-niṣūdana	Krishna, the killer of the Keshi demon	Gita 18.1
keṣu	in what	Gita 10.17
kham	space	Gita 7.4
kham diśaḥ bhūḥ mahā-udadhiḥ	sky, directions, earth, great ocean	VS · Phala Śruti 14
khe	in ether	Gita 7.8
kilbiṣaiḥ	from sins	Gita 3.13
kilbiṣam	sin	Gita 4.21; Gita 18.47
kilbiṣaḥ	from material desires	Gita 6.45
kim	what; how; why; The supreme Object of inquiry, investigated by all philosophers and scriptures	Gita 2.36; Gita 2.54; Gita 3.1; Gita 3.33; Gita 4.16; Gita 8.1; Gita 9.33; Gita 10.42; Gita 14.21; Gita 16.8; VS · Shloka 78; VS · Yudhiṣṭhira uvāca
kim akurvata	what did they do	Gita 1.1
kim bhogaiḥ jīvitena	or enjoyments, or even life	Gita 1.32
kim naḥ rājyena	of what use to us is kingdom	Gita 1.32
kim nu mahī-kṛte	how much less for the earth	Gita 1.35
kirītī	the crowned one, Arjun	Gita 11.35
kirīṭinam	adorned with a crown; wearing the crown	Gita 11.17; Gita 11.46
kiñcana	any	Gita 3.22
kiñcit	anything	Gita 4.20; Gita 5.8; Gita 6.25; Gita 13.27; Gita 7.7; VS · Phala Śruti 2
klaibyam	unmanliness	Gita 2.3
kledayanti	moisten	Gita 2.23
kleśa	discomfort	Gita 18.8
kriyamāṇāni	carried out; are performed	Gita 3.27; Gita 13.30
kriyante	are done	Gita 17.25
kriyate	is performed; are performed; enacted	Gita 17.18; Gita 17.19; Gita 18.9; Gita 18.24
kriyaḥ	activities	Gita 6.12
kriyā-viśeṣa	pompous ritualistic ceremonies; pompous       ceremonies	Gita 2.42; Gita 2.43
kriyābhiḥ	by rituals	Gita 11.48
kriyāḥ	performing; acts; activities	Gita 17.24; Gita 17.25; Gita 18.33
krodha	anger	Gita 5.23; Gita 5.26; Gita 16.12
krodham	anger	Gita 16.18; Gita 18.53
krodhaḥ	anger; wrath	Gita 2.56; Gita 2.62; Gita 3.37; Gita 5.27; Gita 5.28; Gita 16.4; Gita 16.21
krodhāt	from anger	Gita 2.63
krodhāḥ	and anger	Gita 4.10
krūrān	cruel	Gita 16.19
kula-dharmāḥ ca śāśvatāḥ	and the eternal family dharmas	Gita 1.43
kula-dharmāḥ sanātanāḥ	the eternal family dharmas	Gita 1.40
kula-ghnānām	for the destroyers of the family; of the destroyers of the family	Gita 1.42; Gita 1.43
kula-kṣaya-kṛtam doṣam	the fault in destroying the family; the fault of destroying the family	Gita 1.38; Gita 1.39
kula-kṣaye	when the family is destroyed	Gita 1.40
kula-striyaḥ	the women of the family	Gita 1.41
kulam kṛtsnam	the whole family	Gita 1.40
kulasya	and for the family	Gita 1.42
kule	in the family	Gita 6.42
kundaraḥ	Pure as the white Kunda flower, bestowing the pure fruits of righteousness	VS · Shloka 87
kundaḥ	As lovely and spotless as the Kunda blossom, rewarding sacrifices with pure grace	VS · Shloka 87
kuntibhojaḥ	and Kuntibhoja	Gita 1.5
kuntī-putraḥ yudhiṣṭhiraḥ	Yudhiṣṭhira, son of Kuntī	Gita 1.16
kunḍalī	Adorned with glowing celestial earrings (Kundalas) shaped like the sun and moon	VS · Shloka 97
kuru-kṣetre	at Kurukṣetra	Gita 1.1
kuru-nandana	descendent of the Kurus; Arjun, descendant of the Kurus; the joy of the Kurus, Arjun	Gita 2.41; Gita 6.43; Gita 14.13
kuru-pravīra	the best of the Kuru warriors	Gita 11.48
kuru-sat-tama	best of the Kurus, Arjun	Gita 4.31
kuru-vṛddhaḥ	the eldest of the Kurus	Gita 1.12
kuru-śreṣṭha	best of the Kurus	Gita 10.19
kurute	perform; turns; it turns	Gita 3.21; Gita 4.37
kuruṣva	do	Gita 9.27
kurvanti	act; perform	Gita 3.25; Gita 5.11
kurvāṇaḥ	performing	Gita 18.56
kuryām	I perform	Gita 3.24
kuryāt	should do	Gita 3.25
kusuma-ākaraḥ	spring	Gita 10.35
kutaḥ	wherefrom; where; how; who is?	Gita 2.2; Gita 2.66; Gita 4.31; Gita 11.43
kuśa	kuśh grass	Gita 6.11
kuśale	to an agreeable	Gita 18.10
kvacit	ever	Gita 18.12
kā	why; what	Gita 2.28; Gita 2.54; Gita 17.1
kāla-anala	the fire of annihilation	Gita 11.25
kālam	time	Gita 8.23
kāle	at the time; time; at the proper time; at the wrong time	Gita 7.30; Gita 8.23; Gita 17.20; Gita 17.22
kālena	with the long passage of time; in course of time	Gita 4.2; Gita 4.38
kāleṣu	times	Gita 8.7; Gita 8.27
kām	which	Gita 6.37
kāma	desire for material pleasures; desire; desires; lust	Gita 4.19; Gita 5.23; Gita 5.26; Gita 7.11; Gita 16.12; Gita 16.16; Gita 17.5
kāma-bhogeṣu	gratification of sensuous pleasures	Gita 16.15
kāma-dhuk	Kamdhenu	Gita 10.28
kāma-haitukam	for sexual gratification only	Gita 16.8
kāma-kāmāḥ	desiring objects of enjoyments	Gita 9.21
kāma-kāmī	one who strives to satisfy desires	Gita 2.70
kāma-kārataḥ	under the impulse of desire	Gita 16.23
kāma-kāreṇa	impelled by desires	Gita 5.12
kāma-rūpam	in the form of desire	Gita 3.43
kāma-rūpeṇa	in the form of desires	Gita 3.39
kāma-upabhoga	gratification of desires	Gita 16.11
kāma-ātmānaḥ	desirous of sensual pleasure; desirous   of  sense   gratification	Gita 2.42; Gita 2.43
kāma-īpsunā	prompted by selfish desire	Gita 18.24
kāmaiḥ	by material desires	Gita 7.20
kāmam	lust; desire	Gita 16.10; Gita 16.18; Gita 18.53
kāmebhyaḥ	for yearning of the senses	Gita 6.18
kāmyānām	desireful	Gita 18.2
kāmān	desiring; selfish desires; material desires; desires	Gita 2.5; Gita 2.55; Gita 2.71; Gita 6.24; Gita 7.22
kāmāt	from desire	Gita 2.62
kāmāḥ	desires; desire to enjoy senses	Gita 2.70; Gita 15.5
kārayan	causing to be done	Gita 5.13
kāraṇa	cause	Gita 13.21
kāraṇāni	causes	Gita 18.13
kārpaṇya-doṣa	the flaw of cowardice	Gita 2.7
kārya	effect; duty; proper action	Gita 13.21; Gita 16.24; Gita 18.30
kāryam	duty; obligatory; as a duty; right conduct; must certainly be performed	Gita 3.17; Gita 3.19; Gita 6.1; Gita 18.9; Gita 18.31; Gita 18.5
kāryate	are performed	Gita 3.5
kārye	action	Gita 18.22
kāya	body; bodily	Gita 6.13; Gita 18.8; Gita 18.52
kāyam	the body	Gita 11.44
kāyena	with the body	Gita 5.11
kāyena vācā manasā indriyaiḥ	by body, speech, mind, senses	VS · Samargaṇa
kāñcanaḥ	gold	Gita 6.8; Gita 14.24
kāśirājaḥ	and the king of Kāśī	Gita 1.5
kāśyaḥ	and the king of Kāśī	Gita 1.17
kāṅkṣantaḥ	desiring	Gita 4.12
kāṅkṣati	desire; longs; desiring	Gita 5.3; Gita 14.22; Gita 18.54; Gita 12.17
kāṅkṣitam naḥ	is desired by us	Gita 1.33
kīrtanīyasya	of Him worthy of praise	VS · Phala Śruti 1
kīrtayantaḥ	singing divine glories	Gita 9.14
kīrtim	reputation	Gita 2.33
kīrtiḥ	fame	Gita 10.34
kūrmaḥ	tortoise	Gita 2.58
kūṭa-sthaḥ	undisturbed; the liberated	Gita 6.8; Gita 15.16
kṛpayā	with pity	Gita 2.1
kṛpayā parayā āviṣṭaḥ	overcome with deep compassion	Gita 1.28
kṛpaḥ	and Kṛpa	Gita 1.8
kṛpaṇāḥ	miserly	Gita 2.49
kṛta-ante	stop reactions of karmas	Gita 18.13
kṛta-añjaliḥ	with folded hands; with joined palms	Gita 11.14; Gita 11.35
kṛta-kṛtyaḥ	who fulfills all that is to be accomplished	Gita 15.20
kṛta-niścayaḥ	with determination	Gita 2.37
kṛta-puṇyānām bhaktānām	of meritorious devotees	VS · Phala Śruti 13
kṛtakarmā	He who has accomplished all cosmic tasks with eternal self-satisfaction	VS · Shloka 84
kṛtam	performed; done	Gita 4.15; Gita 17.28; Gita 18.23
kṛtena	by discharge of duty	Gita 3.18
kṛtsna-karma-kṛt	performers all kinds of actions	Gita 4.18
kṛtsna-vat	as if it encompasses the whole	Gita 18.22
kṛtsna-vit	persons with knowledge	Gita 3.29
kṛtsnam	everything; all; entire	Gita 7.29; Gita 9.8; Gita 10.42; Gita 11.7; Gita 11.13; Gita 13.34
kṛtsnasya	entire	Gita 7.6
kṛtvā	performing; keeping; having made; having done; doing	Gita 4.22; Gita 5.27; Gita 6.12; Gita 6.25; Gita 18.8; Gita 18.68
kṛśaḥ	Slender and subtle, unencumbered by any gross material heaviness	VS · Shloka 90
kṛṣi	agriculture	Gita 18.44
kṛṣṇa	O Kṛṣṇa; Shree Krishna; Krishna	Gita 1.28; Gita 1.32; Gita 1.41; Gita 5.1; Gita 6.34; Gita 6.37; Gita 6.39; Gita 17.1
kṛṣṇasya vaśe	under Kṛṣṇa’s control	VS · Phala Śruti 15
kṛṣṇe	dark	Gita 8.26
kṛṣṇāt	from Shree Krishna	Gita 18.75
kṣamiṇāṃ varaḥ	The foremost and greatest among all who practice forgiveness and forbearance	VS · Shloka 98
kṣamā	forgiveness	Gita 10.4; Gita 10.34; Gita 16.3
kṣapita	being cleansed of the result of such performances	Gita 4.30
kṣaraḥ	perishable; the perishable	Gita 8.4; Gita 15.16
kṣatriya	the warrior and administrative class	Gita 18.41
kṣatriyasya	of a warrior	Gita 2.31
kṣatriyāḥ	warriors	Gita 2.32
kṣayam	loss	Gita 18.25
kṣayāya	destruction	Gita 16.9
kṣaṇam	a moment	Gita 3.5
kṣemam	protect spiritual assets	Gita 9.22
kṣetra	the field of activities; field of activities; the body	Gita 13.3; Gita 13.27; Gita 13.35
kṣetra-jña	knower of the field	Gita 13.27
kṣetra-jñam	the knower of the field	Gita 13.1; Gita 13.3
kṣetra-jñayoḥ	of the knower of the field; of the knower of the body	Gita 13.3; Gita 13.35
kṣetram	the field of activities; field of activities; the nature of the field; the body	Gita 13.1; Gita 13.2; Gita 13.4; Gita 13.7; Gita 13.19; Gita 13.34; VS · Phala Śruti 16
kṣetreṣu	in individual fields of activities	Gita 13.3
kṣetrī	the soul	Gita 13.34
kṣipram	quickly	Gita 4.12; Gita 9.31
kṣipāmi	I hurl	Gita 16.19
kṣitīśaḥ	The supreme Sovereign Lord and Protector of the Earth	VS · Shloka 106
kṣudram	petty	Gita 2.3
kṣāmaye	beg for forgiveness	Gita 11.42
kṣāntiḥ	forgiveness; patience	Gita 13.8; Gita 18.42
kṣātram	of the warrior and administrative class	Gita 18.43
kṣīṇa-kalmaṣāḥ	whose sins have been purged	Gita 5.25
kṣīṇe	at the exhaustion of	Gita 9.21
labdham	gained	Gita 16.13
labdhvā	having achieved; having gained	Gita 4.39; Gita 6.22
labdhā	regained	Gita 18.73
labhante	obtain; achieve; attain	Gita 2.32; Gita 5.25; Gita 9.21
labhasva	attain	Gita 11.33
labhate	achieves; obtains; achieve; attains	Gita 4.39; Gita 6.43; Gita 7.22; Gita 18.45; Gita 18.54
labhe	I obtain	Gita 11.25
labhet	attain	Gita 18.8
labhyaḥ	is attainable	Gita 8.22
laghu-āśī	eating light	Gita 18.52
lakṣmiḥ	The supreme Splendor, fortune, and glory of the cosmos; the eternal shelter of Sri Devi	VS · Shloka 101
lavaṇa	salty	Gita 17.9
lelihyase	you are licking	Gita 11.30
limpanti	taint	Gita 4.14
lipyate	entangled; is affected; is tainted	Gita 5.7; Gita 5.10; Gita 13.32; Gita 18.17
liṅgaiḥ	symptoms	Gita 14.21
lobha-upahata-cetasaḥ	their minds overcome by greed	Gita 1.38
lobhaḥ	greed	Gita 14.12; Gita 14.17; Gita 16.21
loka	of the universe; worlds	Gita 10.3; Gita 11.20; Gita 15.17
loka-kṣaya-kṛt	the source of destruction of the worlds	Gita 11.32
loka-saṅgraham	for the welfare of the masses; welfare of the world	Gita 3.20; Gita 3.25
loka-traye	in the three worlds	Gita 11.43
lokabandhuḥ	The true, eternal Friend and relative of all beings across all worlds	VS · Shloka 78
lokam	abode; world; solar system	Gita 9.20; Gita 9.33; Gita 13.34
lokanāthah	The sovereign Protector and Master of all the worlds	VS · Shloka 78
lokasvāmī	The supreme Owner, Sovereign, and Ruler of all cosmic worlds	VS · Shloka 80
lokasya	of the people; of the entire universe	Gita 5.14; Gita 11.43
lokasāraṅgaḥ	He who grasps the ultimate essence (Sara) of all the worlds and sacred scriptures	VS · Shloka 84
lokeṣu	worlds	Gita 3.22
lokādhiṣṭhānam	The supreme Foundation and Substratum supporting all planetary systems	VS · Shloka 95
lokān	abodes; all worlds; worlds; the worlds; living beings	Gita 6.41; Gita 10.16; Gita 11.30; Gita 11.32; Gita 14.14; Gita 18.17; Gita 18.71; VS · Phala Śruti 20
lokāḥ	worlds; all the worlds; these people	Gita 3.24; Gita 8.16; Gita 11.23; Gita 11.29
loṣṭa	a clod	Gita 14.24
loṣṭra	pebbles	Gita 6.8
lubdhaḥ	greedy	Gita 18.27
lupta-piṇḍa-udaka-kriyāḥ	deprived of the rites of rice-ball and water offerings	Gita 1.42
lābha	gain	Gita 4.22
lābha-alābhau	gain and loss	Gita 2.38
lābham	gain	Gita 6.22
lāghavam	decreased in value	Gita 2.35
mad-artham	even for My sake	Gita 12.10
mad-arthe	for my sake	Gita 1.9
mada	arrogance	Gita 16.17
mada-anvitāḥ	clinging to false tenets	Gita 16.10
madam	conceit	Gita 18.35
madhusūdana	O Madhusūdana; Shree Krishn, slayer of the Madhu demon; Shree Krishna, the killer of the demon named Madhu	Gita 1.35; Gita 2.4; Gita 6.33; Gita 8.2
madhya-stha	mediators	Gita 6.9
madhyam	middle	Gita 10.20; Gita 10.32; Gita 11.16
madhyāni	in the middle	Gita 2.28
mahataḥ	from great	Gita 2.40
mahati syandane	on a great chariot	Gita 1.14
mahatā	great	Gita 4.2
mahatīm camūm	great army	Gita 1.3
mahimānam	majesty	Gita 11.41
mahā-anubhāvān	noble elders	Gita 2.5
mahā-aśanaḥ	all-devouring	Gita 3.37
mahā-bhūtāni	the (five) great elements	Gita 13.6
mahā-bhūtāni dhātavaḥ	great elements and constituents	VS · Phala Śruti 18
mahā-bāho	mighty-armed one, Arjun; mighty-armed one; mighty-armed Krishna; mighty armed one; mighty-armed Lord	Gita 2.26; Gita 2.68; Gita 3.28; Gita 3.43; Gita 5.3; Gita 5.6; Gita 6.35; Gita 6.38; Gita 7.5; Gita 10.1; Gita 11.23; Gita 14.5; Gita 18.1; Gita 18.13
mahā-bāhuḥ	mighty-armed	Gita 1.18
mahā-iṣvāsāḥ	mighty bowmen	Gita 1.4
mahā-pāpmā	greatly sinful	Gita 3.37
mahā-rathaḥ	great chariot-warrior	Gita 1.4; Gita 1.17
mahā-rathāḥ	great chariot-warriors; warriors who could single handedly match the strength of ten thousand ordinary warriors	Gita 1.6; Gita 2.35
mahā-yoga-īśvaraḥ	the Supreme Lord of Yog	Gita 11.9
mahā-ātman	The greatest of all beings; The Great one	Gita 11.20; Gita 11.37
mahā-ātmanaḥ	the great personality; the noble hearted soul	Gita 11.12; Gita 18.74
mahā-ātmā	great soul; the compassionate	Gita 7.19; Gita 11.50
mahā-ātmānaḥ	the great souls	Gita 8.15; Gita 9.13
mahā-īśvaraḥ	the ultimate controller	Gita 13.23
mahā-śaṅkham	the great conch	Gita 1.15
mahā-ṛṣayaḥ	the great sages; the great Sages	Gita 10.2; Gita 10.6
mahā-ṛṣi	great sages	Gita 11.21
mahā-ṛṣīṇām	of the great seers; among the great seers	Gita 10.2; Gita 10.25
mahābhūtaḥ	The great Supreme Being who is independent of all material limitations and time	VS · Shloka 86
mahāgartaḥ	The unfathomably vast chasm into which the entire created universe dissolves at Pralaya	VS · Shloka 86
mahāhradaḥ	The vast, deep reservoir of infinite spiritual nectar in which realized souls bathe in bliss	VS · Shloka 86
mahāmūrtiḥ	Possessing a colossal, magnificent transcendental form of supreme majesty	VS · Shloka 77
mahān	mighty; great; The Supreme Great One, peerless in glory, wisdom, bliss, and sovereignty	Gita 9.6; Gita 18.77; VS · Shloka 90
mahānidhiḥ	The supreme Treasury in whom all cosmic wealth, knowledge, and souls find shelter	VS · Shloka 86
mahī-pate	O king	Gita 1.21
mahīm	the kingdom on earth	Gita 2.37
makaraḥ	crocodile	Gita 10.31
malena	by dust	Gita 3.38
mama	my; to me; of mine; mine	Gita 2.8; Gita 3.23; Gita 4.11; Gita 7.14; Gita 7.17; Gita 7.24; Gita 8.21; Gita 9.5; Gita 9.11; Gita 10.7; Gita 10.40; Gita 10.41; Gita 11.1; Gita 11.7; Gita 11.49; Gita 11.52; Gita 13.3; Gita 14.2; Gita 14.3; Gita 15.6; Gita 15.7; Gita 18.78
mama gātrāṇi	my limbs	Gita 1.29
mama sainyasya	of my army	Gita 1.7
manasam	mind	Gita 6.27
manasaḥ	than the mind	Gita 3.42
manavaḥ	Manus	Gita 10.6
manave	to Manu, the original progenitor of humankind	Gita 4.1
manaḥ-gatān	of the mind	Gita 2.55
manaḥ-prasādaḥ	serenity of thought	Gita 17.16
manaḥ-ratham	desire	Gita 16.13
mandān	the ignorant	Gita 3.29
mantavyaḥ	is to be considered	Gita 9.30
mantra-hīnam	with no chanting of the Vedic hymns	Gita 17.13
manuṣya-loke	in the world of humans	Gita 15.2
manuṣyeṣu	amongst humans; amongst human beings	Gita 4.18; Gita 18.69
manuṣyāḥ	all men; men	Gita 3.23; Gita 4.11
manuṣyāṇām	of such people; of men	Gita 1.44; Gita 7.3
manyante	think	Gita 7.24
manyase	you think	Gita 2.26; Gita 11.4; Gita 18.59
manyate	thinks; considers; imagines	Gita 2.19; Gita 3.27; Gita 6.22; Gita 18.32
manye	think; I accept	Gita 6.34; Gita 10.14
manyeta	thinks	Gita 5.8
manīṣiṇaḥ	the wise; the learned	Gita 2.51; Gita 18.3
manīṣiṇām	for the wise	Gita 18.5
maraṇa	and death	Gita 7.29
maraṇāt	than death	Gita 2.34
martya-lokam	to the earthly plane	Gita 9.21
martyaḥ	a mortal	VS · Phala Śruti 10
martyeṣu	among mortals	Gita 10.3
marutaḥ	the (forty-nine) Maruts; the Maruts	Gita 11.6; Gita 11.22
marutām	of the Maruts	Gita 10.21
mat	my	Gita 7.23; Gita 9.25; Gita 9.34; Gita 9.27; Gita 10.6
mat-anugrahāya	out of compassion to me	Gita 11.1
mat-bhaktaḥ	devoted to me; my devotee	Gita 11.55; Gita 13.19; Gita 18.65
mat-bhakteṣu	amongst my devotees	Gita 18.68
mat-bhaktim	devotion to me	Gita 18.54
mat-bhāvam	my divine love; Godlike nature; my divine nature	Gita 4.10; Gita 8.5; Gita 14.19
mat-bhāvāya	my divine nature	Gita 13.19
mat-cittaḥ	meditate on me (Shree Krishna); consciousness absorbed in me; by always remembering me	Gita 6.14; Gita 18.57; Gita 18.58
mat-cittāḥ	those with minds fixed on me	Gita 10.9
mat-gata-prāṇāḥ	those who have surrendered their lives to me	Gita 10.9
mat-gatena	absorbed in me (God)	Gita 6.47
mat-karma-kṛt	perform duties for my sake	Gita 11.55
mat-manāḥ	always think of me; thinking of me	Gita 9.34; Gita 18.65
mat-mayā	completely absorbed in me	Gita 4.10
mat-param	subordinate to me	Gita 13.13
mat-paramaḥ	considering me the Supreme	Gita 11.55
mat-paraḥ	toward me (Shree Krishna); having me as the supreme goal	Gita 2.61; Gita 6.14; Gita 18.57
mat-parāyaṇaḥ	having dedicated to me	Gita 9.34
mat-prasādāt	by my grace	Gita 18.56; Gita 18.58
mat-sansthām	abides in me	Gita 6.15
mat-sthāni	in me; abide in me; rest in me	Gita 9.4; Gita 9.5; Gita 9.6
mat-vyapāśrayaḥ	take full refuge in me	Gita 18.56
mat-yājī	worship me	Gita 18.65
mat-āśrayaḥ	surrendering to me	Gita 7.1
matam	teachings; opinion	Gita 3.31; Gita 3.32; Gita 7.18; Gita 13.3; Gita 18.6
mataḥ	is considered; considered	Gita 6.32; Gita 6.46; Gita 6.47; Gita 18.9; Gita 11.18; VS · Pūrva Pīṭhikā 9
mate	opinion	Gita 8.26
matir mama	such is my conviction	VS · Phala Śruti 29
matiḥ	opinion	Gita 6.36; Gita 18.70; Gita 18.78
mattaḥ	than me; from me; from Me	Gita 7.7; Gita 7.12; Gita 10.5; Gita 10.8; Gita 15.15
matvā	knowing; having known; thinking	Gita 3.28; Gita 10.8; Gita 11.41
matā	is considered; are considered	Gita 3.1; Gita 16.5
maunam	silence	Gita 10.38; Gita 17.16
mayā	by me (Shree Krishna); by me; me; to me	Gita 3.3; Gita 4.3; Gita 4.13; Gita 7.22; Gita 9.4; Gita 9.10; Gita 10.17; Gita 10.39; Gita 10.40; Gita 11.2; Gita 11.4; Gita 11.33; Gita 11.34; Gita 11.41; Gita 11.47; Gita 15.20; Gita 16.13; Gita 16.14; Gita 16.15; Gita 18.63; Gita 18.73; Gita 1.22
maṃsyante	will think	Gita 2.35
maṇi-gaṇāḥ	beads	Gita 7.7
medhajaḥ	Manifested in the sacred fire of Vedic sacrifices (Yajna)	VS · Shloka 80
medhā	intelligence	Gita 10.34
meruḥ	Mount Meru	Gita 10.23
mithyā eṣaḥ	this is all false	Gita 18.59
mithyā-ācāraḥ	hypocrite	Gita 3.6
mitra	friends; friend	Gita 6.9; Gita 14.25
mitra-drohe ca pātakam	and the sin in betraying friends	Gita 1.38
miśram	mixed	Gita 18.12
modiṣye	I shall rejoice	Gita 16.15
mogha-jñānāḥ	of baffled knowledge	Gita 9.12
mogha-karmāṇaḥ	of vain actions	Gita 9.12
mogha-āśāḥ	of vain hopes	Gita 9.12
mogham	vainly	Gita 3.16
moha	delusion; illusion; of illusions	Gita 2.52; Gita 7.28; Gita 16.15; Gita 16.16
moham	delusion	Gita 4.35; Gita 14.22
mohanam	illusion; illusory	Gita 14.8; Gita 18.39
mohau	delusion	Gita 14.17
mohayasi	I am getting bewildered	Gita 3.2
mohaḥ	illusion; delusion	Gita 11.1; Gita 14.13; Gita 18.73
mohena	from the illusion	Gita 7.27
mohinīm	bewildered	Gita 9.12
mohitam	deluded	Gita 7.13
mohitāḥ	are confused	Gita 4.16
mohāt	the illusioned; deluded; out of delusion	Gita 16.10; Gita 18.7; Gita 18.25; Gita 18.60
mohāḥ	delusion	Gita 15.5
mokṣa	liberation	Gita 5.27; Gita 5.28
mokṣa-kāṅkṣibhiḥ	by seekers of freedom from material entanglements	Gita 17.25
mokṣam	what is liberating	Gita 18.30
mokṣayiṣyāmi	shall liberate	Gita 18.66
mokṣyase	you may free yourself; you will be released; you shall be freed	Gita 4.16; Gita 9.1; Gita 9.28
mokṣāya	for liberation	Gita 7.29
mriyate	dies	Gita 2.20
mucyante	are released; become free	Gita 3.13; Gita 3.31
muhuḥ muhuḥ	repeatedly	Gita 18.76
muhyanti	are deluded	Gita 5.15
muhyati	bewildered	Gita 8.27; Gita 2.13
mukham	face; faces	Gita 11.11; Gita 13.14
mukham ca pariśuṣyati	and my mouth goes dry	Gita 1.29
mukhyam	the chiefs	Gita 10.24
mukhāni	mouths	Gita 11.25
mukta-saṅgaḥ	free from attachment; free from worldly attachment	Gita 3.9; Gita 18.26
muktam	liberated	Gita 18.40
muktasya	of the liberated	Gita 4.23
muktvā	relinquish	Gita 8.5
mumukṣubhiḥ	seekers of liberation	Gita 4.15
munayaḥ	saints	Gita 14.1
muneḥ	sage; of a sage	Gita 2.69; Gita 6.3
muniḥ	a sage; the sage; the   transcendentalist	Gita 2.56; Gita 5.6; Gita 5.27; Gita 5.28; Gita 10.26
munīnām	amongst the sages	Gita 10.37
mā	not; never; do not	Gita 2.47; Gita 11.34; Gita 11.49; Gita 16.5; Gita 18.66
mā sma	do not	Gita 2.3
mādhava	O Mādhava	Gita 1.37
māhātmyam	greatness	Gita 11.2
mālya	garlands	Gita 11.11
mām apratīkāram aśastram	me unresisting and unarmed	Gita 1.46
māmakam	mine	Gita 15.12
māmakāḥ	my sons	Gita 1.1
māmikām	my	Gita 9.7
māna	in honor; honor; vanity; arrogance; pride	Gita 6.7; Gita 14.25; Gita 15.5; Gita 16.10; Gita 16.17; Gita 17.18
mānadaḥ	Bestower of honor, dignity, and spiritual respect upon all sincere devotees	VS · Shloka 80
mānasam	of the mind	Gita 17.16
mānasaḥ	and mind	Gita 18.52
mānasāḥ	mind	Gita 10.6
mānavaḥ	human being; a person	Gita 3.17; Gita 18.46
mānavāḥ	human beings	Gita 3.31
mānuṣam	human	Gita 11.51
mānuṣe	in human society	Gita 4.12
mānuṣīm	human	Gita 9.11
mānyaḥ	Worthy of the highest honor, adoration, and worship from all beings	VS · Shloka 80
mārdavam	gentleness	Gita 16.2
mārga-śīrṣaḥ	the month of November-December	Gita 10.35
mārutaḥ	wind	Gita 2.23
māsānām	of the twelve months	Gita 10.35
mātrā-hīnam	deficient in metre	VS · Kṣamā Prārthanā
mātrā-sparśāḥ	contact of the senses with the sense objects	Gita 2.14
mātulān	maternal uncles	Gita 1.26
mātulāḥ	maternal uncles	Gita 1.34
mātā	Mother	Gita 9.17
māyayā	by God’s material energy; made of the material energy	Gita 7.15; Gita 18.61
māyā	one of God’s energies. It that veils God’s true nature from souls who have not yet attained the eligibility for God-realization	Gita 7.14
māyām etām	this Maya	Gita 7.14
mūlāni	roots	Gita 15.2
mūrdhni	in the head	Gita 8.12
mūrtayaḥ	forms	Gita 14.4
mūḍha	those with confused notions	Gita 17.19
mūḍha-yoniṣu	in the animal kingdom	Gita 14.15
mūḍhaḥ	deluded	Gita 7.25
mūḍhāḥ	the ignorant; dim-witted	Gita 7.15; Gita 9.11; Gita 16.20
mṛga-indraḥ	the lion	Gita 10.30
mṛgāṇām	amongst animals	Gita 10.30
mṛtam	dead	Gita 2.26
mṛtasya	for the dead	Gita 2.27
mṛtyu	death	Gita 9.3; Gita 13.9; Gita 14.20
mṛtyum	death	Gita 13.26
mṛtyuḥ	death	Gita 2.27; Gita 9.19; Gita 10.34
na ahankṛtaḥ	free from the ego of being the doer	Gita 18.17
na anya-gāminā	without deviating	Gita 8.8
na arhāḥ vayam	we ought not	Gita 1.37
na bhaviṣyanti	shall cease to exist	Gita 11.32
na bhaviṣyāmaḥ	shall not exist	Gita 2.12
na ca rājyam sukhāni	nor kingdom or pleasures	Gita 1.32
na ca śaknomi avasthātum	and I cannot stand	Gita 1.30
na ca śreyaḥ anupaśyāmi	and I foresee no good	Gita 1.31
na cireṇa	quickly	Gita 5.6
na dṛṣṭa-pūrvam	no one has ever seen	Gita 11.47
na krodhaḥ mātsaryam lobhaḥ aśubhā matiḥ	no anger, envy, greed, or impure thought	VS · Phala Śruti 13
na kāṅkṣe	I do not desire	Gita 1.32
na nameran	should they not bow down	Gita 11.37
na prasiddhyet	would not be possible	Gita 3.8
na te yānti parābhavam	they never meet defeat	VS · Phala Śruti 22
na u	not	Gita 17.28
na vicālayet	should not unsettle	Gita 3.29
na yotsye	I shall not fight	Gita 2.9; Gita 18.59
na śroṣyasi	do not listen	Gita 18.58
na-vyathanti	they will not experience misery	Gita 14.2
nabhaḥ ca pṛthivīm	sky and earth alike	Gita 1.19
nabhaḥ-spṛśam	touching the sky	Gita 11.24
nadīnām	of the rivers	Gita 11.28
naikajaḥ	Manifesting in countless divine incarnations across all ages to uphold Dharma	VS · Shloka 95
naikaśṛṅgaḥ	Having multiple divine horns (in Varaha/Matsya Avataras) representing the four Vedas and goals of life	VS · Shloka 81
naikaḥ	Manifesting as manifold Avataras and residing in all hearts without losing unity	VS · Shloka 78
naiṣkarmya-siddhim	state of actionlessness	Gita 18.49
naiṣkarmyam	freedom from karmic reactions	Gita 3.4
naiṣkṛtikaḥ	dishonest or vile	Gita 18.28
naiṣṭhikīm	everlasting	Gita 5.12
nakulaḥ sahadevaḥ	Nakula and Sahadeva	Gita 1.16
nakṣatrāṇām	amongst the stars	Gita 10.21
namaskuru	offer obeisances; offer obeisance	Gita 9.34; Gita 18.65
namaskṛtvā	with palms joined	Gita 11.35
namasyantaḥ	humbly bowing down	Gita 9.14
namasyanti	bow down	Gita 11.36
namaḥ astu anantāya	salutations to the Infinite	VS · Phala Śruti 28
nandakī	Wielder of the divine sword Nandaka representing pure transcendental wisdom; sword Nandaka	VS · Shloka 107; VS · Shloka 108
nara-adhamān	the vile and vicious of humankind	Gita 16.19
nara-adhamāḥ	one who lazily follows one’s lower nature	Gita 7.15
nara-adhipam	the king	Gita 10.27
nara-loka-vīrāḥ	kings of human society	Gita 11.28
nara-puṅgavaḥ	bull among men	Gita 1.5
naraiḥ	by persons	Gita 17.17
narakasya	to the hell	Gita 16.21
narake	to hell; into hell	Gita 16.15; Gita 16.16
narake niyatam vāsaḥ	dwelling always in hell	Gita 1.44
narakāya	leads only to hell	Gita 1.42
narāṇām	amongst humans	Gita 10.27
nava-dvāre	of nine gates	Gita 5.13
navāni	new	Gita 2.22
nayanam	eyes	Gita 11.10
nayet	should bring	Gita 6.26
naśyati	perishes	Gita 6.38
naśyatsu	cease to exist	Gita 8.20
naḥ	for us; us	Gita 2.6
naḥ kā prītiḥ syāt	what joy would be ours	Gita 1.36
naṣṭa	misdirected	Gita 16.9
naṣṭaḥ	lost; dispelled	Gita 4.2; Gita 18.73
naṣṭān	ruined	Gita 3.32
nibaddhaḥ	bound	Gita 18.60
nibadhnanti	bind	Gita 4.41; Gita 9.9; Gita 14.5
nibadhnāti	binds	Gita 14.7; Gita 14.8
nibadhyate	is bound; becomes entangled; get bound	Gita 4.22; Gita 5.12; Gita 18.17
nibandhāya	to bondage	Gita 16.5
nibodha	listen; hear	Gita 18.13; Gita 18.50; Gita 1.7
nidhanam	death	Gita 3.35
nidhanāni	on death	Gita 2.28
nidhānam	resting place; support	Gita 9.18; Gita 11.18; Gita 11.38
nidrā	sleep	Gita 18.39
nidrābhiḥ	and sleep	Gita 14.8
nigacchati	attain; reaches	Gita 9.31; Gita 18.36
nigraham	control	Gita 6.34
nigrahaḥ	repression; The supreme Controller who restrains the senses and subdues all demonic impulses	Gita 3.33; VS · Shloka 81
nigṛhītāni	restrained	Gita 2.68
nigṛhṇāmi	withhold	Gita 9.19
nihatya	by killing	Gita 1.36
nihatāḥ	slain	Gita 11.33
nimitta-mātram	only an instrument	Gita 11.33
nimittāni	and omens	Gita 1.31
nimiṣan	closing (the eyes); closing	Gita 5.8; Gita 5.9
nindantaḥ	defame	Gita 2.36
nindā	blame	Gita 14.24
nirahankāraḥ	without egoism	Gita 2.71
nirataḥ	engaged	Gita 18.45
nirdeśaḥ	symbolic representatives	Gita 17.23
nirdhūta	dispelled	Gita 5.17
nirdoṣam	flawless	Gita 5.19
nirdvandvaḥ	free from dualities; free from all dualities	Gita 2.45; Gita 5.3
nirguṇam	beyond the three modes of material nature	Gita 13.15
nirguṇatvāt	being devoid of any material qualities	Gita 13.32
nirguṇaḥ	Totally devoid of material, prakritic qualities (Sattva, Rajas, Tamas), ever transcendental	VS · Shloka 90
nirmalam	pure	Gita 14.16
nirmalatvāt	being purest	Gita 14.6
nirmuktāḥ	free from	Gita 7.28
niruddham	restrained	Gita 6.20
nirudhya	confining	Gita 8.12
nirvairaḥ	without malice	Gita 11.55
nirvedam	indifferent	Gita 2.52
nirvikāraḥ	unaffected	Gita 18.26
nirvāṇa	liberation from the material bondage	Gita 6.15
niryoga-kṣemaḥ	unconcerned about gain and preservation	Gita 2.45
nirāhārasya	practicing self restraint	Gita 2.59
nirāśrayaḥ	without dependence	Gita 4.20
nirāśīḥ	free from hankering for the results of the actions; free from expectations; free from desires	Gita 3.30; Gita 4.21; Gita 6.10
nispṛhaḥ	free from cravings: sarva	Gita 6.18
nistrai-guṇyaḥ	above the three modes of material nature, transcendental	Gita 2.45
nitya	always; constantly	Gita 4.20; Gita 5.3; Gita 8.14
nitya abhiyuktānām	who are always absorbed	Gita 9.22
nitya-jātam	taking constant birth	Gita 2.26
nitya-sattva-sthaḥ	eternally fixed in truth	Gita 2.45
nitya-vairiṇā	by the perpetual enemy	Gita 3.39
nitya-yuktaḥ	ever steadfast	Gita 7.17
nityam	eternal; always; eternally; constantly; continously; constant	Gita 2.21; Gita 2.26; Gita 2.30; Gita 3.15; Gita 3.31; Gita 9.6; Gita 10.9; Gita 11.52; Gita 13.10; Gita 18.52; VS · Phala Śruti 2
nityam bhakti-samanvitaḥ	always with devotion	VS · Phala Śruti 9
nityasya	eternally	Gita 2.18
nityatvam	constancy	Gita 13.12
nityaśaḥ	regularly	Gita 8.14
nityaḥ	eternal; everlasting	Gita 2.20; Gita 2.24
nivartante	come back; they return	Gita 8.21; Gita 9.3; Gita 15.6
nivartanti	return	Gita 15.4
nivartate	ceases to be; comes back	Gita 2.59; Gita 8.25
nivāsaḥ	abode	Gita 9.18
nivāta-sthaḥ	in a windless place	Gita 6.19
nivṛttim	improper actions; renuncation from action	Gita 16.7; Gita 18.30
nivṛttāni	when absent	Gita 14.22
niyamam	rules and regulations	Gita 7.20
niyamya	control; having controlled; having restrained; restraining	Gita 3.7; Gita 3.41; Gita 6.26; Gita 18.51
niyantā	The supreme Controller who assigns specific functions and laws to all cosmic forces	VS · Shloka 92
niyata	having controlled; controlled	Gita 4.29; Gita 4.30
niyata-mānasaḥ	one with a disciplined mind	Gita 6.15
niyata-ātmabhiḥ	by those of steadfast mind	Gita 8.2
niyatam	constantly; in accordance with scriptures	Gita 3.8; Gita 18.23; Gita 18.9
niyatasya	of prescribed duties	Gita 18.7
niyatāḥ	controlled	Gita 7.20
niyojayasi	do you engage	Gita 3.1
niyojitaḥ	engaged	Gita 3.36
niyokṣyati	will engage	Gita 18.59
niścalā	steadfast	Gita 2.53
niścarati	wanders	Gita 6.26
niścayam	conclusion	Gita 18.4
niścayena	resolutely	Gita 6.23
niścitam	decisively; definite	Gita 2.7; Gita 18.6
niścitya	decisively	Gita 3.2
niścitāḥ	with complete assurance	Gita 16.11
niśā	night	Gita 2.69
niḥ	without; free from	Gita 6.1; Gita 15.5
niḥspṛhaḥ	free from hankering	Gita 2.71
niḥśreyasa-karau	lead to the supreme goal	Gita 5.2
nu	indeed	Gita 2.36
nyagrodhaḥ	Spreading out like the sacred Banyan tree, providing cooling shelter to all souls	VS · Shloka 88
nyāsam	giving up	Gita 18.2
nyāyyam	proper	Gita 18.15
nāgānām	amongst snakes	Gita 10.29
nāma	in name only	Gita 16.17
nāma-sahasreṇa	with the thousand names	VS · Phala Śruti 9
nāmnām sahasram divyānām	thousand divine names	VS · Phala Śruti 1
nānā	various	Gita 11.5
nānā-bhāvān	manifold entities	Gita 18.21
nānā-vidhāni	various	Gita 11.5
nānā-śastra-praharaṇāḥ	armed with many weapons	Gita 1.9
nāradaḥ	Narad	Gita 10.26
nārāyaṇa namaḥ astu te	salutations to You, O Nārāyaṇa	VS · Kṣamā Prārthanā
nārāyaṇa-udbhavam	born of Nārāyaṇa	VS · Phala Śruti 18
nārāyaṇāya samarpayāmi	I offer all to Nārāyaṇa	VS · Samargaṇa
nārīṇām	amongst feminine qualities	Gita 10.34
nāsa-abhyantara	within the nostrils	Gita 5.27
nāsika-agram	at the tip of the nose	Gita 6.13
nāvam	boat	Gita 2.67
nāyakāḥ	leaders	Gita 1.7
nāśanam	the destroyer; destruction	Gita 3.41; Gita 16.21
nāśayāmi	destroy	Gita 10.11
nāśaḥ	loss	Gita 2.40
nāśitam	has been destroyed	Gita 5.16
nāśāya	to be perished	Gita 11.29
nīcam	low	Gita 6.11
nītiḥ	proper conduct; righteousness	Gita 10.38; Gita 18.78; VS · Phala Śruti 29
nṛ-loke	in the world of the mortals	Gita 11.48
nṛṣu	in humans	Gita 7.8
ojasā	energy	Gita 15.13
om-kāra	the sacred syllable Om	Gita 9.17
pacanti	cook (food)	Gita 3.13
pacāmi	I digest	Gita 15.14
padaiḥ	by the hymns	Gita 13.5
padam	state; goal; place; abode	Gita 2.51; Gita 8.11; Gita 15.4; Gita 15.5; Gita 18.56
padamanuttamam	The supreme, incomparable Status and Abode attained by the enlightened	VS · Shloka 78
padma-nābha	O lotus-naveled	VS · Phala Śruti 23
padma-patra-viśāla-akṣa	O wide lotus-eyed	VS · Phala Śruti 23
padma-patram	a lotus leaf	Gita 5.10
pakṣayoḥ	to the parties	Gita 14.25
pakṣiṇām	amongst birds	Gita 10.30
para-dharmaḥ	duties prescribed for others	Gita 3.35
para-dharmāt	than another’s prescribed duties; than another’s dharma	Gita 3.35; Gita 18.47
para-taram	superior	Gita 7.7
param	after; the Supreme; the supreme; superior; prior; Supreme Entity; Supreme; divine; supreme; beyond; transcendental	Gita 2.12; Gita 2.59; Gita 3.11; Gita 3.19; Gita 3.42; Gita 3.43; Gita 4.4; Gita 5.16; Gita 7.13; Gita 7.24; Gita 8.28; Gita 9.11; Gita 10.12; Gita 11.18; Gita 11.37; Gita 11.38; Gita 11.47; Gita 13.18; Gita 13.35; Gita 14.1; Gita 14.19; Gita 18.75; Gita 8.10
param-tapa	conqueror of enemies	Gita 2.3
parama	the Supreme	Gita 13.32
parama-iṣvāsaḥ	supreme archer	Gita 1.17
parama-ātmā	God; Superme Soul; the Supreme Soul	Gita 6.7; Gita 13.23; Gita 15.17
parama-īśvara	Supreme Lord	Gita 11.3
parama-īśvaram	Supreme Soul	Gita 13.28
paramam	the Supreme; the supreme; divine; Supreme; supreme; the supreme being; most	Gita 8.3; Gita 8.21; Gita 10.1; Gita 10.12; Gita 11.1; Gita 11.9; Gita 11.18; Gita 15.6; Gita 18.64; Gita 18.68; Gita 8.8; VS · Pūrva Pīṭhikā 15
paramaḥ	highest	Gita 6.32; VS · Pūrva Pīṭhikā 9
paramparā	in a continuous tradition	Gita 4.2
paramām	supreme; the supreme; highest	Gita 6.15; Gita 8.13; Gita 8.15; Gita 8.21; Gita 18.49
paramāḥ	the purpose of life	Gita 16.11
parantapa	Arjun, the scorcher of foes; subduer of enemies, Arjun; Arjun, conqueror of enemies; Arjun, conqueror the enemies; Arjun, the conqueror of the enemies; scorcher of foes; Arjun, subduer of the enemies	Gita 4.2; Gita 4.5; Gita 4.33; Gita 7.27; Gita 9.3; Gita 10.40; Gita 11.54; Gita 18.41
parantapaḥ	Arjun, the chastiser of the enemies	Gita 2.9
parasparam	one another	Gita 3.11; Gita 10.9
parastāt	beyond	Gita 8.9
parasya	of others	Gita 17.19
parataḥ	more superior	Gita 3.42
parayā	transcendental	Gita 17.17; Gita 12.2
paraḥ	in the next; transcendental; greatest	Gita 4.40; Gita 8.20; Gita 8.22; Gita 13.23
paricakṣate	is to be considered; are designated	Gita 17.13; Gita 17.17
paricaryā	serving through work	Gita 18.44
paricintayan	meditating	Gita 10.17
paridevanā	grieve	Gita 2.28
parigraham	selfishness	Gita 18.53
parijñātā	the knower	Gita 18.18
parikliṣṭam	reluctantly	Gita 17.21
parikīrtitaḥ	has been declared; is declared	Gita 18.7; Gita 18.27
parimārgitavyam	one must search out	Gita 15.4
paripanthinau	foes	Gita 3.34
paripraśnena	by humble inquiries	Gita 4.34
parisamāpyate	culminate	Gita 4.33
paritrāṇāya	to protect	Gita 4.8; VS · Phala Śruti 31
parityajya	abandoning	Gita 18.66
parityāgaḥ	renunciation	Gita 18.7
parityāgī	renouncer	Gita 14.25
pariṇāme	in the end; at the end	Gita 18.36; Gita 18.37; Gita 18.38
parjanyaḥ	rain; The celestial Rain-Cloud showering the nectar of grace, knowledge, and life upon all beings	Gita 3.14; VS · Shloka 87
parjanyāt	from rains	Gita 3.14
paryantam	until	Gita 8.17
paryavasthitaḥ	Enveloping and pervading the entire cosmos with His omnipresent grace	VS · Shloka 99
paryavatiṣṭhate	becomes firmly established	Gita 2.65
paryuṣitam	polluted	Gita 17.10
paryāptam	but limited / adequate	Gita 1.10
parā	superior; transcendental	Gita 3.42; Gita 18.50
parām	supreme; the highest; superior; the supreme; highest; transcendental	Gita 4.39; Gita 6.45; Gita 7.5; Gita 9.32; Gita 13.29; Gita 14.1; Gita 16.22; Gita 16.23; Gita 18.54; Gita 18.62; Gita 18.68
parāyaṇaḥ	dedicated; being so  destined	Gita 5.27; Gita 5.28
parāyaṇāḥ	wholly devoted; dedicated to	Gita 4.29; Gita 16.12
parāṇi	superior	Gita 3.42
parṇāni	leaves	Gita 15.1
patanti	descend; glides  down	Gita 16.15; Gita 16.16
patanti pitaraḥ hi eṣām	for their ancestors fall	Gita 1.42
pataṅgāḥ	moths	Gita 11.29
pathi	one on the path	Gita 6.38
patram	a leaf	Gita 9.26
pauruṣam	ability; one’s own ability	Gita 7.8; Gita 18.25
paurva-dehikam	from the previous lives	Gita 6.43
pautrān	grandsons	Gita 1.26
pautrāḥ	grandsons	Gita 1.34
pauṇḍram	Pauṇḍra	Gita 1.15
pavatām	of all that purifies	Gita 10.31
pañca	five	Gita 13.6; Gita 18.13; Gita 18.15
pañcamam	the fifth	Gita 18.14
paśya	behold	Gita 1.3; Gita 9.5; Gita 11.5; Gita 11.6; Gita 11.7; Gita 11.8; Gita 1.25
paśyan	seeing; behold; see	Gita 5.8; Gita 6.20; Gita 13.29
paśyataḥ	see	Gita 2.69
paśyati	see; sees; actually sees; perceive	Gita 2.29; Gita 5.5; Gita 6.30; Gita 6.32; Gita 13.28; Gita 13.30; Gita 18.16
paśyet	see	Gita 4.18
paśyāmi	see; I behold; I see	Gita 6.33; Gita 11.15; Gita 11.16; Gita 11.17
paśyāmi viparītāni	I see adverse ones	Gita 1.31
paṇava-ānaka-gomukhāḥ	tabors, drums, and cow-horns	Gita 1.13
paṇaḥ	The supreme Worth and Treasure of the cosmos, worthy of being attained at all costs	VS · Shloka 102
paṇḍitam	a sage	Gita 4.19
paṇḍitāḥ	the wise; the learned	Gita 2.11; Gita 5.4; Gita 5.18
paṭhet	should recite	VS · Phala Śruti 21
paṭhyate paṇḍitaiḥ nityam	is recited daily by the wise	VS · Phala Śruti 26
peśalaḥ	Charming, soft, and exquisitely graceful in His divine bodily form and actions	VS · Shloka 98
phala-hetavaḥ	those seeking fruits of their work	Gita 2.49
phala-ākāṅkṣī	desire for rewards	Gita 18.34
phalam	fruits; the result; fruit; a fruit; result; reward; fruitive rewards	Gita 2.51; Gita 5.4; Gita 7.23; Gita 9.26; Gita 14.16; Gita 17.12; Gita 17.21; Gita 17.25; Gita 18.8; Gita 18.9; Gita 18.12
phale	in the result	Gita 5.12
phaleṣu	in the fruits	Gita 2.47
phalāni	rewards	Gita 18.6
pitaraḥ	fathers	Gita 1.34; VS · Phala Śruti 18
pitā	Father; the father; father	Gita 9.17; Gita 11.43; Gita 11.44; Gita 14.4; VS · Pūrva Pīṭhikā 16
pitāmahaḥ	the grandfather; Grandsire	Gita 1.12; Gita 9.17
pitṛ-vratā	worshippers of ancestors	Gita 9.25
pitṝn	fathers / elders	Gita 1.26
pitṝīn	to the ancestors	Gita 9.25
pitṝīṇām	amongst the departed ancestors	Gita 10.29
prabhavam	origin	Gita 10.2
prabhavanti	emanate; arise	Gita 8.18; Gita 16.9
prabhavati	become manifest	Gita 8.19
prabhaviṣṇu	the creator	Gita 13.17
prabhavān	born of	Gita 6.24
prabho	Lord; O Lord	Gita 11.4; Gita 14.21; VS · Phala Śruti 26
prabhā	the radiance	Gita 7.8
prabhāṣeta	talks	Gita 2.54
pradadhmatuḥ	blew	Gita 1.14
pradigdhān	tainted with	Gita 2.5
pradiṣṭam	is gained	Gita 8.28
praduṣyanti	become corrupted	Gita 1.41
pradviṣantaḥ	abuse	Gita 16.18
pradāḥ	produce	Gita 17.9
pradāṃ	awarding	Gita 2.42
pradīptam	blazing	Gita 11.29
pragrahaḥ	He who reins in the senses of devotees and grasps their loving offerings with grace	VS · Shloka 81
prahasan	smilingly	Gita 2.10
prahlādaḥ	Prahlad	Gita 10.30
prahāsyasi	you shall be released from	Gita 2.39
prahṛṣyati	rejoices	Gita 11.36
prahṛṣyet	rejoice	Gita 5.20
prajahi	slay	Gita 3.41
prajahāti	discards	Gita 2.55
prajanaḥ	amongst causes for procreation	Gita 10.28
prajñā	knowledge; divine wisdom; perfect knowledge pratiṣhṭhitā; transcendental knowledge	Gita 2.57; Gita 2.58; Gita 2.61; Gita 2.68
prajñā-vādān	words of wisdom	Gita 2.11
prajñām	intellect	Gita 2.67
prajā-arthī	progeny	VS · Phala Śruti 4
prajāgaraḥ	Eternally vigilant and awake, constantly watching over and protecting all creation	VS · Shloka 102
prajānāmi	comprehend	Gita 11.31
prajānāti	distinguish	Gita 18.31
prajāḥ	humankind; living entities; people	Gita 3.10; Gita 3.24; Gita 10.6
prakāśakam	illuminating	Gita 14.6
prakāśam	illumination	Gita 14.22
prakāśayati	illumines; illumine	Gita 5.16; Gita 13.34
prakāśaḥ	manifest; illumination	Gita 7.25; Gita 14.11
prakīrtyā	in praise	Gita 11.36
prakṛteḥ	of material nature; modes of nature; nature	Gita 3.27; Gita 3.29; Gita 3.33; Gita 9.8
prakṛteḥ svabhāvāt	or by nature’s impulse	VS · Samargaṇa
prakṛti	material energy; material nature	Gita 13.20; Gita 14.5
prakṛti-jaiḥ	born of material nature	Gita 3.5; Gita 18.40
prakṛti-jān	produced by the material energy	Gita 13.22
prakṛti-mokṣam	release from material nature	Gita 13.35
prakṛti-sthaḥ	seated in the material energy	Gita 13.22
prakṛti-sthāni	bound by material nature	Gita 15.7
prakṛtim	nature; energy; primordial material energy; the material energy; material energy; to normality; material nature; the material nature	Gita 3.33; Gita 4.6; Gita 7.5; Gita 9.7; Gita 9.8; Gita 9.12; Gita 11.51; Gita 13.1; Gita 13.20; Gita 13.24; Gita 9.13
prakṛtiḥ	material energy; the material energy; material nature	Gita 7.4; Gita 9.10; Gita 13.21; Gita 18.59
prakṛtyā	by nature; by material nature	Gita 7.20; Gita 13.30
pralapan	talking; by talking	Gita 5.8; Gita 5.9
pralaya-antām	until death	Gita 16.11
pralayam	death	Gita 14.14; Gita 14.15; VS · Pūrva Pīṭhikā 17
pralayaḥ	dissolution	Gita 7.6; Gita 9.18
pralaye	at the time of dissolution	Gita 14.2
pralīnaḥ	dying	Gita 14.15
pralīyante	they dissolve	Gita 8.18
pralīyate	dissolves	Gita 8.19
pramucyate	is liberated; are freed from-3	Gita 5.3; Gita 10.3
pramukhe	before us	Gita 2.6
pramāda	negligence	Gita 14.8; Gita 14.17; Gita 18.39
pramādaḥ	negligence	Gita 14.13
pramāde	to delusion	Gita 14.9
pramādāt	out of negligence	Gita 11.41
pramāthi	turbulent	Gita 6.34
pramāthīni	turbulent	Gita 2.60
pranaṣṭaḥ	destroyed	Gita 18.72
prapadyante	surrender	Gita 4.11; Gita 7.14; Gita 7.15; Gita 7.20
prapadyate	surrenders	Gita 7.19
prapadye	take refuge	Gita 15.4
prapannam	surrendered	Gita 2.7
prapaśya	behold	Gita 11.49
prapaśyadbhiḥ	who clearly see	Gita 1.39
prapaśyāmi	I see	Gita 2.8
prapitāmahaḥ	the great-grandfather; The great Ancestor and Father of Brahma, the creator of the universe	Gita 11.39; VS · Shloka 104
prasabham	forcibly; presumptuously	Gita 2.60; Gita 11.41
prasaktānām	whose minds are deeply attached	Gita 2.44
prasaktāḥ	addicted; attached	Gita 16.15; Gita 16.16
prasanna-cetasaḥ	with a tranquil mind	Gita 2.65
prasanna-ātmā	mentally serene	Gita 18.54
prasannena	being pleased	Gita 11.47
prasaviṣyadhvam	increase prosperity	Gita 3.10
prasaṅgena	due of attachment	Gita 18.34
prasāda-jam	generated by the pure intellect; satisfactory	Gita 18.36; Gita 18.37
prasādam	the Grace of God	Gita 2.64
prasādaye	to implore grace	Gita 11.44
prasāde	by divine grace	Gita 2.65
prasīda	have mercy; be merciful; please have mercy	Gita 11.25; Gita 11.31; Gita 11.45
prasṛtā	streamed forth	Gita 15.4
prasṛtāḥ	extended	Gita 15.2
pratapanti	scorching	Gita 11.30
prati	toward; towards	Gita 2.42; Gita 2.43
prati-anīkeṣu	in the opposing army	Gita 11.32
prati-upakāra-artham	with the hope of a return	Gita 17.21
pratijāne	I promise	Gita 18.65
pratijānīhi	declare	Gita 9.31
pratipadyate	attains	Gita 14.14
pratiyotsyāmi	shall I shoot	Gita 2.4
pratiṣṭhitam	established	Gita 3.15
pratiṣṭhitā	is fixed; fixed in; remains fixed	Gita 2.57; Gita 2.58; Gita 2.68
pratiṣṭhā	the basis	Gita 14.27
pratiṣṭhāpya	having established	Gita 6.11
pratyakṣa	directly perceptible	Gita 9.2
pratyavāyaḥ	adverse result	Gita 2.40
pratāpavān	the valiant	Gita 1.12
pravadanti	speak; say	Gita 2.42; Gita 5.4
pravadatām	of debates	Gita 10.32
pravakṣye	I shall explain	Gita 8.11
pravakṣyāmi	I shall explain; I shall impart; I shall now reveal	Gita 4.16; Gita 9.1; Gita 13.13; Gita 14.1
pravartante	they flourish; begin	Gita 16.10; Gita 17.24
pravartate	is enacted; proceeds	Gita 5.14; Gita 10.8
pravartitam	set into motion	Gita 3.16
praveṣṭum	to enter into (union with me)	Gita 11.54
pravibhaktam	divided	Gita 11.13
pravibhaktāni	distributed	Gita 18.41
pravilīyate	are freed	Gita 4.23
praviśanti	enter	Gita 2.70
pravyathitam	trembling; trembles	Gita 11.20; Gita 11.45
pravyathitāntar-ātmā	my heart is trembling with fear	Gita 11.24
pravyathitāḥ	terror-stricken	Gita 11.23
pravālāḥ	buds	Gita 15.2
pravṛddhaḥ	mighty	Gita 11.32
pravṛddhe	when premodinates	Gita 14.14
pravṛddhāḥ	nourished	Gita 15.2
pravṛttaḥ	participation	Gita 11.32
pravṛtte śastra-sampāte	as the clash of weapons was about to begin	Gita 1.20
pravṛttim	workings; activity; proper actions; activities	Gita 11.31; Gita 14.22; Gita 16.7; Gita 18.30
pravṛttiḥ	activity; the activity; have come into being	Gita 14.12; Gita 15.4; Gita 18.46
prayacchati	offers	Gita 9.26
prayata-ātmanaḥ	one in pure consciousness	Gita 9.26
prayatnāt	with great effort	Gita 6.45
prayujyate	is used	Gita 17.26
prayuktaḥ	impelled	Gita 3.36
prayāti	goes; departs	Gita 8.5; Gita 8.13
prayātāḥ	having departed; departed	Gita 8.23; Gita 8.24
prayāṇa	of death	Gita 7.30
prayāṇa-kāle	at the time of death	Gita 8.2; Gita 8.10
praśaste	auspicious	Gita 17.26
praśānta	serene; peaceful	Gita 6.14; Gita 6.27
praśāntasya	of the peaceful	Gita 6.7
praṇamya	bow down; bowed down; bowing down	Gita 11.14; Gita 11.35; Gita 11.44
praṇayena	out of affection	Gita 11.41
praṇaśyanti	perish	Gita 1.40
praṇaśyati	one is ruined; lost; perishes	Gita 2.63; Gita 6.30; Gita 9.31
praṇaśyāmi	lost	Gita 6.30
praṇidhāya	prostrating	Gita 11.44
praṇipātena	by approaching a spiritual master	Gita 4.34
prepsuḥ	covet	Gita 18.27
pretya	in the next world; after death	Gita 17.28; Gita 18.12
pretān-bhūta-gaṇān	ghosts and spirits	Gita 17.4
pritivardhanaḥ	Increasing the joyful love, devotion, and bliss in the hearts of His devotees	VS · Shloka 93
priya	pleasant	Gita 14.24; Gita 17.15
priya-kṛt-tamaḥ	more dear	Gita 18.69
priya-taraḥ	dearer	Gita 18.69
priyakṛt	Ever performing what is genuinely dear, beneficial, and uplifting for His devotees	VS · Shloka 93
priyam	the pleasant; dear	Gita 5.20; Gita 17.10
priyaḥ	very dear; dear; a lover	Gita 7.17; Gita 9.29; Gita 11.44; Gita 17.7; Gita 18.65; Gita 12.14; Gita 12.15; Gita 12.16; Gita 12.17; Gita 12.19
priyārhaḥ	Supremely worthy of the highest love, adoration, and devotion from all souls	VS · Shloka 93
priyāyāḥ	with the beloved	Gita 11.44
procyamānam	described	Gita 18.29
procyate	are declared	Gita 18.19
proktam	is called; declared; is said; is said to be; is   said	Gita 8.1; Gita 13.12; Gita 17.18; Gita 18.36; Gita 18.37
proktavān	taught	Gita 4.1; Gita 4.4
proktaḥ	reveal; described; declared; said	Gita 4.3; Gita 6.33; Gita 10.40; Gita 16.6
proktā	explained	Gita 3.3
proktāni	explains	Gita 18.13
protam	is strung	Gita 7.7
prādhānyam	pre-eminence	VS · Phala Śruti 6
prādhānyataḥ	salient	Gita 10.19
prāgvaṃśaḥ	The primordial Origin and Ancestor preceding all cosmic dynasties and generations	VS · Shloka 90
prāha	told	Gita 4.1
prāhuḥ	they say; is called; they speak; declare	Gita 6.2; Gita 13.2; Gita 15.1; Gita 18.2; Gita 18.3
prājña	the elders	Gita 17.14
prāk	before	Gita 5.23
prākṛtaḥ	vulgar	Gita 18.28
prāpnuyāt	attain	Gita 18.71
prāpsyasi	you will attain	Gita 2.37; Gita 18.62
prāpsye	I shall acquire	Gita 16.13
prāptam	received	Gita 4.2
prāptaḥ	attained	Gita 18.50
prāptiḥ	achieves	Gita 2.13
prāpya	attaining; having attained; obtaining; attain; having reached; having achieved	Gita 2.57; Gita 2.72; Gita 5.20; Gita 6.41; Gita 8.21; Gita 8.25; Gita 9.33
prāpyate	is attained	Gita 5.5
prārabhate	performs	Gita 18.15
prārthayante	seek	Gita 9.20
prāñjalayaḥ	with folded hands	Gita 11.21
prāṇa	of the outgoing breath; life-airs	Gita 4.29; Gita 18.33
prāṇa-apāna	outgoing and incoming breath	Gita 15.14
prāṇa-apānau	the outgoing and incoming breaths	Gita 5.27
prāṇa-bhṛt	The supreme Sustainer who nourishes and maintains the life-forces of all creatures	VS · Shloka 103
prāṇa-jīvanaḥ	He who enlivens and animates the vital life-breath itself as its indwelling Lord	VS · Shloka 103
prāṇa-karmāṇi	functions of the life breath	Gita 4.27
prāṇa-āyāma	control of breath	Gita 4.29
prāṇam	the outgoing breath; life airs; the life breath	Gita 4.29; Gita 8.10; Gita 8.12
prāṇanilayaḥ	The true sanctuary and resting place of the life-breath of all living beings	VS · Shloka 103
prāṇe	in the outgoing breath	Gita 4.29
prāṇeṣu	life-energy; in  the outgoing  air	Gita 4.29; Gita 4.30
prāṇinām	of all living beings	Gita 15.14
prāṇān	life-breaths; outgoing air	Gita 4.29; Gita 4.30
prāṇān tyaktvā dhanāni	having given up life and wealth	Gita 1.33
prīta-manāḥ	cheerful mind	Gita 11.49
prīti	satisfaction	Gita 17.8
prīti-pūrvakam	with love	Gita 10.10
prīyamāṇāya	you are my beloved confidant	Gita 10.1
pumān	a person	Gita 2.71
punaḥ	again; then; and again	Gita 4.9; Gita 4.35; Gita 5.1; Gita 8.15; Gita 8.26; Gita 9.7; Gita 9.33; Gita 11.16; Gita 11.49; Gita 11.50; Gita 16.13; Gita 17.21; Gita 18.24; Gita 18.40; Gita 11.39; Gita 8.16; Gita 9.8; Gita 18.77
punaḥ āvartinaḥ	subject to rebirth	Gita 8.16
purastāt	from the front	Gita 11.40
pure	in the city	Gita 5.13
purodhasām	amongst priests	Gita 10.24
puruṣa-uttama	Shree Krishna, the Supreme Divine Personality; the Supreme Personality	Gita 8.1; Gita 10.15; Gita 11.3
puruṣa-uttamam	the Supreme Divine Personality	Gita 15.19
puruṣa-uttamaḥ	as the Supreme Divine Personality	Gita 15.18
puruṣa-vyāghra	tiger amongst men	Gita 18.4
puruṣa-ṛṣabha	the noblest amongst men, Arjun	Gita 2.15
puruṣam	person; personality; the enjoyer; the individual souls; Puruṣh; the Supreme Lord	Gita 2.15; Gita 10.12; Gita 13.1; Gita 13.20; Gita 13.24; Gita 15.4; Gita 8.8; Gita 8.10; VS · Pūrva Pīṭhikā 11
puruṣasya	of a person	Gita 2.60
puruṣau	beings	Gita 15.16
puruṣottamam stuvan	praising the Supreme Person	VS · Phala Śruti 9
puruṣottame	devoted to the Supreme Person	VS · Phala Śruti 13
puruṣāḥ	(such) persons	Gita 9.3
purā	previously; in beginning; from the beginning of creation	Gita 3.3; Gita 3.10; Gita 17.23
purāṇam	ancient	Gita 8.9
purāṇaḥ	the ancient; primeval	Gita 2.20; Gita 11.38
purāṇi	very old	Gita 15.4
putra	children	Gita 13.10
putrasya	with a son	Gita 11.44
putrān	sons	Gita 1.26
putrāḥ	sons	Gita 1.34; Gita 11.26
puṃsaḥ	of a person	Gita 2.62
puṇya	pious	Gita 7.28
puṇya-karmaṇām	of the pious	Gita 18.71
puṇya-kṛtām	of the virtuous	Gita 6.41
puṇya-phalam	fruit of merit	Gita 8.28
puṇya-śravaṇa-kīrtanaḥ	Hearing and chanting whose sacred names and glories bestows supreme spiritual merit	VS · Shloka 98
puṇyam	pious	Gita 9.20; Gita 18.76
puṇye	stock of merits	Gita 9.21
puṇyāḥ	meritorius	Gita 9.33
puṣkalābhiḥ	hymns	Gita 11.21
puṣpahāsaḥ	Radiating an enchanting, gentle smile that blossoms like a fragrant flower	VS · Shloka 102
puṣpam	a flower	Gita 9.26
puṣpitām	flowery	Gita 2.42
puṣṇāmi	nourish	Gita 15.13
pādam	legs; feet	Gita 11.23; Gita 13.14
pāpa yonayaḥ	of low birth	Gita 9.32
pāpa-kṛt-tamaḥ	most sinful	Gita 4.36
pāpam	sin; sins	Gita 2.33; Gita 2.38; Gita 3.36; Gita 5.15; Gita 7.28; Gita 1.45
pāpam eva āśrayet asmān	only sin would cling to us	Gita 1.36
pāpanāśanaḥ	The compassionate destroyer of all sins, distress, and karmic impurities of devotees	VS · Shloka 106
pāpebhyaḥ	sinners; from sinful reactions	Gita 4.36; Gita 18.66
pāpena	by sin	Gita 5.10
pāpeṣu	the sinners	Gita 6.9
pāpmānam	the sinful	Gita 3.41
pāpāt asmāt nivartitum	to turn away from this sin	Gita 1.39
pāpāḥ	sinners; sins	Gita 3.13; Gita 9.20
pārthasya	Arjun	Gita 18.74
pāruṣyam	harshness	Gita 16.4
pātre	to a worthy person	Gita 17.20
pāvakaḥ	fire; Agni (fire)	Gita 2.23; Gita 10.23; Gita 15.6
pāvanāni	purifying	Gita 18.5; VS · Śrī Vaiśampāyana uvāca
pāñcajanyam	Pāñcajanya	Gita 1.15
pāṇi	hands	Gita 13.14
pāṇḍava	Arjun, the son of Pandu; O son of Pāṇḍu	Gita 4.35; Gita 6.2; Gita 11.55; Gita 14.22; Gita 16.5; VS · Phala Śruti 24
pāṇḍava-anīkam	the army of the Pāṇḍavas	Gita 1.2
pāṇḍavaḥ	and the son of Pāṇḍu; the son of Pāṇḍu; Arjun	Gita 1.14; Gita 1.20; Gita 11.13
pāṇḍavānām	amongst the Pandavas	Gita 10.37
pāṇḍavāḥ	and the sons of Pāṇḍu	Gita 1.1
pāṇḍu-putrāṇām	of the sons of Pāṇḍu	Gita 1.3
pīḍayā	torturing	Gita 17.19
pūjanam	worship	Gita 17.14
pūjyaḥ	worshipable	Gita 11.43
pūjā	adoration	Gita 17.18
pūjā-arhau	worthy of worship	Gita 2.4
pūruṣaḥ	a person	Gita 3.19; Gita 3.36
pūrva	past	Gita 6.44
pūrva-taram	in ancient times	Gita 4.15
pūrvaiḥ	of ancient times; of those ancient sages	Gita 4.15
pūrvam	already	Gita 11.33
pūrve	before	Gita 10.6
pūrvāṇi	before	Gita 11.6
pūta	purified	Gita 9.20
pūti	putrid	Gita 17.10
pūtāḥ	purified	Gita 4.10
pṛcchāmi	I am asking	Gita 2.7
pṛthak	different; variously; distinctively; distinct	Gita 5.4; Gita 13.5; Gita 18.1; Gita 18.14; Gita 1.18
pṛthak-bhāvam	diverse variety	Gita 13.31
pṛthak-bhūtāni anekaśaḥ	manifold separate beings	VS · Phala Śruti 20
pṛthak-vidham	various kinds	Gita 18.14
pṛthak-vidhān	of diversity	Gita 18.21
pṛthaktvena	separately; unconnected; distinctly	Gita 9.15; Gita 18.21; Gita 18.29
pṛthakvidhāḥ	differently    arranged	Gita 10.5
pṛthivyām	of the earth; on earth	Gita 7.9; Gita 18.40
pṛthivī-pate	O lord of the earth	Gita 1.18
pṛṣṭhataḥ	the rear	Gita 11.40
rahasi	in seclusion	Gita 6.10
rahasyam	secret	Gita 4.3
rajasaḥ	mode of passion; from the mode of passion	Gita 14.16; Gita 14.17
rajasi	of the mode of passion; in the mode of passion	Gita 14.12; Gita 14.15
rajaḥ	mode of passion	Gita 14.5; Gita 14.7; Gita 14.9; Gita 14.10; Gita 17.1
rajaḥ-guṇa	the mode of passion	Gita 3.37
rakṣasām	amongst the demons	Gita 10.23
rakṣaṇaḥ	The eternal Guardian and Protector of all the three worlds	VS · Shloka 99
rakṣānsi	the demons; powerful beings who embody sensual enjoyment, revenge, and wrath	Gita 11.36; Gita 17.4
ramanti	(they) delight	Gita 10.9
rame manorame	I delight in the enchanting Rāma	VS · Phala Śruti 27
rasa-varjam	cessation of taste	Gita 2.59
rasa-ātmakaḥ	supplying the juice of life	Gita 15.13
rasanam	tongue	Gita 15.9
rasaḥ	taste	Gita 2.59; Gita 7.8
rasyāḥ	juicy	Gita 17.8
ratha-upasthe	on the chariot seat	Gita 1.47
ratha-uttamam	the excellent chariot	Gita 1.24
ratham sthāpaya	place the chariot	Gita 1.21
rathāṅga-pāṇiḥ	Holding the chariot wheel/discus in His hand in battle to uphold righteousness	VS · Shloka 107
ratna-nābhaḥ	Possessing a navel as radiant and precious as the most luminous cosmic gem	VS · Shloka 85
ratāḥ	rejoice	Gita 5.25
ravi-locanaḥ	He whose eye is the Sun, illuminating the universe and witnessing all deeds	VS · Shloka 94
raviḥ	the sun; sun; The Sun who absorbs all juices and illumines the cosmos with divine splendor	Gita 10.21; Gita 13.34; VS · Shloka 94
raṇe	in battle	Gita 11.34
raṇe hanyuḥ	were to kill in battle	Gita 1.46
raṇāt	from the battlefield	Gita 2.35
ripuḥ	enemy	Gita 6.5
roga-ārtaḥ	the sick	VS · Phala Śruti 8
roma-harṣaḥ ca jāyate	and my hair stands on end	Gita 1.29
roma-harṣaṇam	which causes the hair to stand on end	Gita 18.74
ruchirāṅgadaḥ	Adorned with luminous, attractive celestial armlets that enhance His divine beauty	VS · Shloka 101
ruddhvā	blocking	Gita 4.29
rudhira	blood	Gita 2.5
rudra	a form of Lord Shiv	Gita 11.22
rudrān	the (eleven) Rudras	Gita 11.6
rudrāṇām	amongst the Rudras	Gita 10.23
rāga	attachment; passion	Gita 2.56; Gita 2.64; Gita 3.34; Gita 4.10; Gita 7.11; Gita 17.5
rāga-dveṣau	attachment and aversion	Gita 18.51
rāga-ātmakam	of the nature of passion	Gita 14.7
rāgī	craving	Gita 18.27
rāja-guhyam	the most profound secret	Gita 9.2
rāja-vidyā	the king of sciences	Gita 9.2
rāja-ṛṣayaḥ	the saintly kings; saintly kings	Gita 4.2; Gita 9.33
rājan	King	Gita 11.9; Gita 18.76; Gita 18.77
rājasam	in the mode of passion; in the nature of passion	Gita 17.12; Gita 17.18; Gita 17.21; Gita 18.8; Gita 18.21; Gita 18.24; Gita 18.38
rājasasya	to persons in the mode of passion	Gita 17.9
rājasaḥ	in the mode of passion	Gita 18.27
rājasāḥ	in the mode of passion; those in the mode of passion	Gita 7.12; Gita 14.18; Gita 17.4
rājasī	of the mode of passion; in the mode of passion	Gita 17.2; Gita 18.31; Gita 18.34
rājya-sukha-lobhena	from greed for royal pleasure	Gita 1.45
rājyam	kingdom	Gita 2.8; Gita 11.33
rājyam bhogāḥ sukhāni	kingdom, enjoyments, and pleasures	Gita 1.33
rājā	the king	Gita 1.2; Gita 1.16
rākṣasīm	demoniac	Gita 9.12
rāma-nāma vara-ānane	the name Rāma, O fair-faced one	VS · Phala Śruti 27
rāmaḥ	Ram	Gita 10.31
rātri-āgame	at the fall of Brahma’s night; with the advent of night	Gita 8.18; Gita 8.19
rātrim	night	Gita 8.17
rātriḥ	night	Gita 8.25
rūkṣa	dry	Gita 17.9
rūpam	divine form; form; cosmic form	Gita 8.9; Gita 11.3; Gita 11.20; Gita 11.23; Gita 11.45; Gita 11.47; Gita 11.49; Gita 11.50; Gita 11.51; Gita 11.52; Gita 15.3; Gita 18.77; Gita 11.9
rūpasya	form	Gita 11.52
rūpeṇa	form	Gita 11.46
rūpāṇi	forms	Gita 11.5
sa	with; both	Gita 7.2; Gita 9.10; Gita 11.7
sa-adhibhūta	governing principle of the field of matter	Gita 7.30
sa-adhiyajñam	governing principle of the Lord all sacrificial performances	Gita 7.30
sa-ahaṅkāreṇa	with pride	Gita 18.24
sa-candra-arka-nakṣatrā	with moon, sun, stars	VS · Phala Śruti 14
sa-cetāḥ	in my mind	Gita 11.51
sa-doṣam	with defects	Gita 18.48
sa-gadgadam	in a faltering voice	Gita 11.35
sa-sura-asura-gandharvam	with gods, asuras, gandharvas	VS · Phala Śruti 15
sa-vikāram	with modifications	Gita 13.7
sa-yakṣa-uraga-rākṣasam	with yakṣas, serpents, rākṣasas	VS · Phala Śruti 15
sa-śaram cāpam	bow with arrows	Gita 1.47
sad-bhūtiḥ	The embodiment of true transcendental existence, wisdom, and glory	VS · Shloka 75
sadgatiḥ	The supreme Destination, Refuge, and Goal of all virtuous and truthful souls	VS · Shloka 75
sadā	always; constantly	Gita 5.27; Gita 5.28; Gita 6.15; Gita 6.28; Gita 8.6; Gita 10.17; Gita 18.56
sadā utthāya śuciḥ	rising daily, pure	VS · Phala Śruti 5
sadāmarṣī	Ever forgiving and patient toward the innocent mistakes of His faithful devotees	VS · Shloka 95
sadṛśam	accordingly; like	Gita 3.33; Gita 4.38
sadṛśaḥ	like	Gita 16.15
sadṛśī	like	Gita 11.12
saha	along with; with	Gita 3.10; Gita 11.26; Gita 13.24; Gita 1.22
saha-jam	born of one’s nature	Gita 18.48
sahasra	one thousand	Gita 8.17
sahasra-bāho	thousand-armed one	Gita 11.46
sahasra-koṭī-yuga-dhāriṇe	bearer of thousands of crores of yugas	VS · Phala Śruti 28
sahasra-kṛtvaḥ	a thousand times	Gita 11.39
sahasra-mūrtaye	of a thousand forms	VS · Phala Śruti 28
sahasra-nāma tat-tulyam	equal to that thousand names	VS · Phala Śruti 27
sahasra-nāmne	of a thousand names	VS · Phala Śruti 28
sahasra-pāda-akṣi-śiras-uru-bāhave	of a thousand feet, eyes, heads, thighs, and arms	VS · Phala Śruti 28
sahasram prakīrtayet	recites the thousand	VS · Phala Śruti 5
sahasrasya	thousand	Gita 11.12
sahasraśaḥ	thousands	Gita 11.5
sahasreṣu	out of many thousands	Gita 7.3
sahasrārciḥ	Radiating thousands of brilliant transcendental rays of light that illuminate creation	VS · Shloka 89
sahasā eva abhyahanyanta	were suddenly sounded all at once	Gita 1.13
sahitam	with	Gita 9.1
sajjante	become attached	Gita 3.29
sajjate	becomes attached	Gita 3.28
sakhyuḥ	with a friend	Gita 11.44
sakhā	friend	Gita 4.3; Gita 11.41; Gita 11.44
sakhīn tathā	and friends	Gita 1.26
saktam	engrossed	Gita 18.22
saktaḥ	attached	Gita 5.12
saktāḥ	attached	Gita 3.25
sama	equipoised; looks equally; alike; equally	Gita 2.15; Gita 6.8; Gita 14.24
sama-buddhiḥ	of impartial intellect	Gita 6.9
sama-cittatvam	even-mindedness	Gita 13.10
sama-darśanaḥ	equal vision	Gita 6.29
sama-darśinaḥ	see with equal vision	Gita 5.18
samadhigacchati	attains	Gita 3.4
samagram	completely; all	Gita 4.23; Gita 7.1; Gita 11.30
samagrān	all	Gita 11.30
samam	in equality; straight; equally	Gita 5.19; Gita 6.13; Gita 6.32; Gita 13.28; Gita 13.29
samantataḥ	from all sides	Gita 6.24
samantāt	in all directions; on all sides	Gita 11.17; Gita 11.30
samanvitaḥ	endowed with	Gita 18.26
samatvam	equanimity	Gita 2.48
samatā	equilibrium	Gita 10.5
samatītya	rise above	Gita 14.26
samatītāni	the past	Gita 7.26
samau	equal	Gita 5.27
samavasthitam	equally present	Gita 13.29
samavetān kurūn	the assembled Kurus	Gita 1.25
samavetāḥ	assembled	Gita 1.1
sambandhinaḥ tathā	and other relatives	Gita 1.34
sambhavam	born of	Gita 10.41
sambhavanti	are produced	Gita 14.4
sambhavāmi	I manifest; I appear	Gita 4.6; Gita 4.8
sambhavāmi yuge yuge	I am born age after age	VS · Phala Śruti 31
sambhavān	produced by	Gita 13.20
sambhavāḥ	consists of	Gita 14.5
sambhāvitasya	of a respectable person	Gita 2.34
sambhūtam	created	Gita 16.8
same kṛtvā	treating alike	Gita 2.38
samiddhaḥ	blazing	Gita 4.37
samitiṃ-jayaḥ	ever victorious in battle	Gita 1.8
sammoham	into delusion	Gita 7.27
sammohaḥ	clouding of judgement; delusion	Gita 2.63; Gita 18.72
sammohāt	from clouding of judgement	Gita 2.63
sammūḍha	confused	Gita 2.7
sammūḍhāḥ	deluded	Gita 3.29
sampadam	qualities; virtues	Gita 16.3; Gita 16.4; Gita 16.5
sampadyate	(they) attain	Gita 13.31
sampanne	equipped with	Gita 5.18
sampat	qualities	Gita 16.5
sampaśyan	considering	Gita 3.20
sampluta-udake	by a large lake	Gita 2.46
samprakīrtitaḥ	declared	Gita 18.4
sampratiṣṭhā	the basis	Gita 15.3
sampravṛttāni	when present	Gita 14.22
samprekṣya	gazing	Gita 6.13
samsāra	material existence	Gita 9.3
samudbhavam	directly manifested; arises from	Gita 3.15; Gita 14.7
samudbhavaḥ	born of	Gita 3.14; Gita 3.37
samudbhavān	produced of	Gita 14.20
samudram	ocean; the ocean	Gita 2.70; Gita 11.28
samupasthitam	arrayed; overcome	Gita 1.28; Gita 2.2
samupāśritaḥ	having taken shelter of	Gita 18.52
samutthena	arise from	Gita 7.27
samyak	completely; properly	Gita 5.4; Gita 8.10; Gita 9.30
samācara	perform properly; perform	Gita 3.9; Gita 3.19
samācaran	performing properly	Gita 3.26
samādhau	fulfilment; in divine consciousness	Gita 2.44; Gita 2.53
samādhi-sthasya	situated in divine consciousness	Gita 2.54
samādhinā	those completely absorbed in God-consciousness	Gita 4.24
samādhāya	with conviction	Gita 17.11
samāhartum	annihilation	Gita 11.32
samāhitaḥ	steadfast	Gita 6.7
samāpnoṣi	pervade	Gita 11.40
samārambhāḥ	undertakings	Gita 4.19
samāsataḥ	in summary	Gita 13.19
samāsena	in summary; comprise of; briefly	Gita 13.4; Gita 13.7; Gita 18.50
samāvartaḥ	The master regulator who revolves the wheel of cosmic time and life with perfect justice	VS · Shloka 83
samāviṣṭaḥ	endowed with	Gita 18.10
samāvṛtaḥ	veiled	Gita 7.25
samāvṛtāḥ	enveloped; surrounded	Gita 16.15; Gita 16.16
samāyuktaḥ	keeping in balance	Gita 15.14
samāḥ	ages	Gita 6.41
samṛddha vegāḥ	with great speed	Gita 11.29
samṛddham	prosperous	Gita 11.33
san	being so; being	Gita 4.6
sandṛśyante	are seen; being   seen	Gita 11.26; Gita 11.27
sanghaiḥ	assembly	Gita 11.26
sanharate	withdraw	Gita 2.58
sanjñitaḥ	are called	Gita 8.3
sankarasya	of uncultured population	Gita 3.24
sankhye	in battle	Gita 2.4
sannibhāni	resembling	Gita 11.25
sanniviṣṭaḥ	seated	Gita 15.15
sannivāsaḥ	The sacred Abode where all saintly, righteous devotees find eternal shelter	VS · Shloka 75
sannyasanāt	by renunciation	Gita 3.4
sansiddhau	for perfection	Gita 6.43
sansiddhaḥ	he who has attained perfection; attain perfection	Gita 4.38; Gita 6.45
sansiddhim	perfection	Gita 3.20; Gita 8.15; Gita 18.45
sansmṛtya saṃsmṛtya	repeatedly recalling; remembering repeatedly	Gita 18.76; Gita 18.77
sansparśa-jāḥ	born of contact with the sense objects	Gita 5.22
sanstabhya	subdue	Gita 3.43
sansthāpana-arthāya	to reestablish	Gita 4.8
sansāreṣu	in the material world	Gita 16.19
santariṣyasi	you shall cross over	Gita 4.36
santaḥ	saintly persons; Manifesting as saintly guides to lead souls toward truth and liberation	Gita 3.13; VS · Shloka 99
sanyama	restraint	Gita 4.26
sanyamatām	amongst dispensers of law	Gita 10.29
sanyamya	subduing; restrain; having controlled; restraining	Gita 2.61; Gita 3.6; Gita 6.14; Gita 8.12
sanyamī	self-controlled	Gita 2.69
sanyata	controlled	Gita 4.39
sanyogam	connection	Gita 5.14
sanyogāt	combination of; from the contact	Gita 13.27; Gita 18.38
sanyuktāḥ	possessed of	Gita 17.5
sanyāsa-yoga	renunciation of selfishness	Gita 9.28
sanyāsam	renunciation; renunciation of actions	Gita 5.1; Gita 6.2; Gita 18.2
sanyāsasya	of renunciation of actions	Gita 18.1
sanyāsaḥ	renunciation	Gita 5.2; Gita 5.6; Gita 18.7
sanyāsena	by the practice of renunciation	Gita 18.49
sanyāsinām	for the renouncers of actions	Gita 18.12
sanyāsī	practising renunciation; in the renounced order; renouncer	Gita 5.3; Gita 6.1; Gita 6.4
sanyāti	enters; goes away	Gita 2.22; Gita 15.8
sanāt	Eternal and timeless, existing continuously without beginning or end	VS · Shloka 96
sanātanam	eternal; the eternal	Gita 4.31; Gita 7.10; VS · Phala Śruti 10
sanātanatamaḥ	The most ancient and primordial Reality, preceding all ancient entities	VS · Shloka 96
sanātanaḥ	primordial; eternal; everlasting	Gita 2.24; Gita 8.20; Gita 11.18; Gita 15.7
sanśaya	skeptical	Gita 4.40
sanśaya-ātmanaḥ	for the skeptical soul	Gita 4.40
sanśayam	doubts; doubt	Gita 4.41; Gita 4.42; Gita 6.39
sanśayasya	of doubt	Gita 6.39
sanśayaḥ	doubt	Gita 8.5; Gita 10.7
sanśita-vratāḥ	observing strict vows	Gita 4.28
sanśritāḥ	covered by	Gita 16.18
sanśuddha	purified	Gita 6.45
sapatnān	enemies	Gita 11.34
sapta	seven	Gita 10.6
sapta-jihvaḥ	The supreme Consumer who accepts offerings through the seven flames of the sacred fire	VS · Shloka 89
saptaidhāḥ	Kindled and glorified through the seven types of sacred fuels and sacred hymns	VS · Shloka 89
saptavāhanaḥ	Riding the chariot drawn by seven solar horses as the divine Inner Controller of the Sun	VS · Shloka 89
sarasām	amongst reservoirs of water	Gita 10.24
sarge	since birth; at the time of creation	Gita 7.27; Gita 14.2
sargāṇām	of all creations	Gita 10.32
sarpāṇām	amongst serpents	Gita 10.28
sarva	all; all kinds of; of all; in all	Gita 2.65; Gita 3.13; Gita 3.26; Gita 4.21; Gita 5.13; Gita 5.29; Gita 6.29; Gita 7.8; Gita 7.9; Gita 7.27; Gita 9.24; Gita 11.11; Gita 11.40; Gita 13.3; Gita 13.15; Gita 14.4; Gita 14.11; Gita 14.25; Gita 18.2; Gita 18.13; Gita 18.56; Gita 18.58; Gita 18.66
sarva-arthān	all things	Gita 18.32
sarva-bhāvena	with one’s whole being; whole-heartedly	Gita 15.19; Gita 18.62
sarva-bhūta	for all living entities; of all living entities	Gita 5.25; Gita 10.20
sarva-bhūta-nivāsaḥ asi	You are the abode of all beings	VS · Phala Śruti 25
sarva-bhūta-stham	situated in all living beings	Gita 6.29
sarva-bhūta-sthitam	situated in all beings	Gita 6.31
sarva-bhūta-ātma-bhūta-ātmā	one who sees the Soul of all souls in every living being	Gita 5.7
sarva-bhūteṣu	among all living beings; to all living beings; toward all entities; within all living beings	Gita 3.18; Gita 9.29; Gita 11.55; Gita 18.20
sarva-bhūtāni	all living beings	Gita 9.4; Gita 9.7; Gita 18.61
sarva-bhṛt	the sustainer of all	Gita 13.15
sarva-dehinām	for all the embodied souls	Gita 14.8
sarva-dharmān	all varieties of dharmas	Gita 18.66
sarva-dvārāṇi	all gates	Gita 8.12
sarva-gatam	all-pervading	Gita 3.15; Gita 13.33
sarva-gataḥ	all-pervading	Gita 2.24
sarva-guhya-tamam	the most confidential of all	Gita 18.64
sarva-haraḥ	all-devouring	Gita 10.34
sarva-jñāna	in all types of knowledge	Gita 3.32
sarva-karmāṇi	all reactions from material activities; every activity	Gita 4.37; Gita 18.57
sarva-kāmadaḥ	The benevolent granter of all righteous desires, spiritual wisdom, and ultimate liberation	VS · Shloka 91
sarva-loka	of all worlds	Gita 5.29
sarva-praharaṇā-yudhaḥ	Armed with all transcendental weapons to defend Dharma and protect surrendered souls from all directions	VS · Shloka 107
sarva-pāpa-viśuddha-ātmā	purified of all sin	VS · Phala Śruti 10
sarva-pāpaiḥ	from all evils	Gita 10.3
sarva-saṅkalpa	all desires for the fruits of actions	Gita 6.4
sarva-vit	those with complete knowledge	Gita 15.19
sarva-vāgīśvareśvaraḥ	The supreme Master and Lord over all masters of speech and learning (like Brahma and Brihaspati)	VS · Shloka 86
sarva-vṛkṣāṇām	amongst all trees	Gita 10.26
sarva-āgamānām ācāraḥ	right conduct is foremost in all scriptures	VS · Phala Śruti 17
sarva-ārambhāḥ	all endeavors	Gita 18.48
sarva-śastra-bhṛtāṃ varaḥ	The foremost and most skilled among all who wield divine weapons in defense of Dharma	VS · Shloka 81
sarvaiḥ	all	Gita 15.15
sarvajñaḥ	The omniscient Lord who has direct, flawless awareness of all things at all times	VS · Shloka 87
sarvam	entire; all; everything; whole	Gita 2.17; Gita 4.33; Gita 4.36; Gita 6.30; Gita 7.7; Gita 7.13; Gita 7.19; Gita 8.22; Gita 9.4; Gita 10.8; Gita 10.14; Gita 11.40; Gita 13.14; Gita 18.46; Gita 8.28
sarvasahaḥ	Capable of bearing all things and patient with the failings of surrendered devotees	VS · Shloka 92
sarvasya	of everyone; to everyone; of everything; of all creation; of all living beings; all; of all	Gita 2.30; Gita 7.25; Gita 8.9; Gita 10.8; Gita 13.18; Gita 15.15; Gita 17.3; Gita 17.7
sarvataḥ	in all respects; in every direction; everywhere; from all sides	Gita 2.46; Gita 11.16; Gita 11.17; Gita 11.40; Gita 13.14
sarvathā	in all kinds of; in every way	Gita 6.31; Gita 13.24
sarvatomukhaḥ	Having faces in all directions in His cosmic form, observing and accepting all offerings	VS · Shloka 87
sarvatra-gaḥ	blowing everywhere	Gita 9.6
sarvavijjayī	The all-knowing Conqueror who knows all reality and triumphs over all opposition	VS · Shloka 85
sarvaśaḥ	all; fully; completely; in all respects; all kinds of; in every way	Gita 1.18; Gita 2.58; Gita 2.68; Gita 3.23; Gita 3.27; Gita 4.11; Gita 10.2; Gita 13.30; VS · Śrī Vaiśampāyana uvāca
sarve	all indeed; all; every	Gita 1.6; Gita 1.9; Gita 2.70; Gita 4.19; Gita 4.29; Gita 4.30; Gita 7.18; Gita 10.13; Gita 11.22; Gita 11.26; Gita 11.32; Gita 11.36; Gita 14.1
sarve vayam	all of us	Gita 2.12
sarvebhyaḥ	of all	Gita 4.36
sarveṣu	in all; all; toward all	Gita 2.46; Gita 8.7; Gita 8.20; Gita 13.28; Gita 18.21; Gita 18.54; Gita 8.27
sarveṣām	all types of	Gita 6.47
sarveṣām ca mahī-kṣitām	and of all the rulers of the earth	Gita 1.25
sarvān	all	Gita 2.55; Gita 2.71; Gita 4.32; Gita 6.24; Gita 11.15
sarvān bandhūn avasthitān	all the kinsmen assembled	Gita 1.27
sarvāsunilayaḥ	The dwelling place and sustainer of the vital breath (Asu/Prana) of all living entities	VS · Shloka 76
sarvāḥ	all	Gita 8.18; Gita 11.20; Gita 15.13
sarvāṇi	for all; all	Gita 2.30; Gita 2.61; Gita 3.30; Gita 4.5; Gita 4.27; Gita 7.6; Gita 15.16; Gita 9.6; Gita 12.6; VS · Pūrva Pīṭhikā 17
sat-asat	manifest and non-manifest	Gita 11.37
sat-asat-yoni	in superior and inferior wombs	Gita 13.22
sat-bhāve	with the intention of eternal existence and goodness	Gita 17.26
sat-kāra	respect	Gita 17.18
sat-śabdaḥ	the word “Sat”	Gita 17.26
satata-yuktānām	ever steadfast	Gita 10.10
sataḥ	of the eternal	Gita 2.16
satkṛtiḥ	The performer of supreme righteous deeds that sustain and elevate creation	VS · Shloka 75
satparāyaṇaḥ	The supreme supreme Goal and refuge of all righteous seekers of truth	VS · Shloka 75
satpathācāraḥ	Treading the path of absolute righteousness and guiding devotees along the true path	VS · Shloka 102
sattva	in the mode of goodness	Gita 18.10
sattva-anurūpā	conforming to the nature of one’s mind	Gita 17.3
sattva-sanśuddhiḥ	purity of mind	Gita 16.1
sattva-sthāḥ	those situated in the mode of goodness	Gita 14.18
sattva-vatām	of the virtuous	Gita 10.36
sattvam	virtue; being; mode of goodness; existence	Gita 10.36; Gita 10.41; Gita 13.27; Gita 14.5; Gita 14.6; Gita 14.9; Gita 14.10; Gita 14.11; Gita 17.1; Gita 18.40; VS · Phala Śruti 16
sattve	in the mode of goodness	Gita 14.14
sattvāt	from the mode of goodness	Gita 14.17
sattā	The ultimate Reality whose self-existence sustains the existence of everything else	VS · Shloka 75
satvavān	Endowed with absolute, pure spiritual existence (Shuddha-sattva), courage, and virtue	VS · Shloka 93
satya-dharma-parāyaṇaḥ	Eternally devoted to truth and righteousness, delighting in those who uphold Dharma	VS · Shloka 93
satyam	truthfulness; truthful; truly	Gita 10.4; Gita 16.2; Gita 16.7; Gita 17.15; Gita 18.65
satyamedhāḥ	Endowed with infallible intelligence and wisdom rooted purely in eternal truth	VS · Shloka 80
saubhadraḥ	the son of Subhadrā; and the son of Subhadrā	Gita 1.6; Gita 1.18
saukṣmyāt	due to subtlety	Gita 13.33
saumadattiḥ	the son of Somadatta	Gita 1.8
saumya-vapuḥ	the gentle (two-armed) form	Gita 11.50
saumyam	gentle	Gita 11.51
saumyatvam	gentleness	Gita 17.16
savaḥ	The essence of the sacred Soma sacrifice in which celestial nectar is generated	VS · Shloka 78
savitā	The divine Progenitor who creates all worlds and inspires spiritual wisdom; The divine Progenitor who creates and illuminates all worlds (proclaimed in Gayatri)	VS · Shloka 94; VS · Shloka 104
savya-sācin	Arjun, the one who can shoot arrows with both hands	Gita 11.33
sañcayān	to accumulate	Gita 16.12
sañchinna	dispelled	Gita 4.41
sañjanayan harṣam	causing joy	Gita 1.12
sañjaya	O Sañjaya	Gita 1.1
sañjayati	binds	Gita 14.9
sañjāyate	develops; manifesting; arises	Gita 2.62; Gita 13.27; Gita 14.17
saḥ aham ekena ślokena stutaḥ	I am praised even by a single verse	VS · Phala Śruti 24
saḥ ghoṣaḥ	that sound	Gita 1.19
saḥ kaunteyaḥ	that son of Kuntī	Gita 1.27
saḥ śabdaḥ tumulaḥ abhavat	that sound became tumultuous	Gita 1.13
saṃjñaiḥ	known as	Gita 15.5
saṃjñā-artham	for your information	Gita 1.7
saṃkhye	on the battlefield	Gita 1.47
saṃvādam	dialogue; conversation	Gita 18.70; Gita 18.74; Gita 18.76
saṃvṛttaḥ	composed	Gita 11.51
saṅga	association; attachment	Gita 14.7; Gita 15.5
saṅga-rahitam	free from attachment	Gita 18.23
saṅga-varjitaḥ	free from attachment	Gita 11.55
saṅgam	attachment	Gita 2.48; Gita 5.10; Gita 5.11; Gita 18.6; Gita 18.9
saṅgaḥ	attachment	Gita 2.47; Gita 2.62
saṅgena	attachment	Gita 14.6
saṅghātaḥ	the aggregate	Gita 13.7
saṅghāḥ	the assemblies	Gita 11.22
saṅgraheṇa	briefly	Gita 8.11
saṅgāt	from attachment	Gita 2.62
saṅkalpa	resolve; a resolve	Gita 4.19; Gita 6.24
saṅkalpaḥ	desire	Gita 6.2
saṅkaraḥ	this intermixture	Gita 1.42
saṅkīrtya nārāyaṇa-śabda-mātram	by merely chanting the name Nārāyaṇa	VS · Phala Śruti 32
senayoḥ	of the armies	Gita 2.10; Gita 1.21; Gita 1.24; Gita 1.27
senānīnām	warrior chief	Gita 10.24
sevate	serve	Gita 14.26
sevayā	by rendering service	Gita 4.34
sevitvam	inclination for	Gita 13.11
siddha	the perfected beings	Gita 11.22
siddha-saṅghāḥ	perfect beings; hosts of perfected saints	Gita 11.21; Gita 11.36
siddhau	in success	Gita 4.22
siddhaye	for perfection; for the accomplishment	Gita 7.3; Gita 18.13
siddhi-asiddhyoḥ	in success and failure	Gita 2.48; Gita 18.26
siddhānām	of those who have achieved perfection; of all those who are perfected	Gita 7.3; Gita 10.26
siṃha-nādam	lion’s roar	Gita 1.12
smaran	to remember; remembering	Gita 3.6; Gita 8.5; Gita 8.6
smarati	remembers	Gita 8.14
smṛtam	is stated to be; is said to be	Gita 17.20; Gita 17.21; Gita 18.38
smṛtaḥ	have been declared	Gita 17.23
smṛti	memory	Gita 2.63
smṛti-bhranśāt	from bewilderment of memory	Gita 2.63
smṛtiḥ	memory	Gita 10.34; Gita 15.15; Gita 18.73
smṛtā	is considered	Gita 6.19
snigdhāḥ	succulent	Gita 17.8
soma-pāḥ	drinkers of the Soma juice	Gita 9.20
soḍhum	to withstand; forgive	Gita 5.23; Gita 11.44
sparśanam	the sense of touch	Gita 15.9
sparśān	contacts (through senses)	Gita 5.27
spṛhā	desire; craving	Gita 4.14; Gita 14.12
spṛśan	touching	Gita 5.8
sraṃsate hastāt	slips from the hand	Gita 1.30
srotasām	of flowing rivers	Gita 10.31
stabdhaḥ	obstinate	Gita 18.28
stabdhāḥ	stubborn	Gita 16.17
stenaḥ	thieves	Gita 3.12
sthairyam	steadfastness	Gita 13.8
sthaḥ	dwelling	Gita 10.11
sthira-buddhiḥ	steady intellect	Gita 5.20
sthirām	steady	Gita 6.33
sthirāḥ	nourishing	Gita 17.8
sthita-dhīḥ	enlightened person	Gita 2.54; Gita 2.56
sthita-prajñasya	one with steady intellect	Gita 2.54
sthita-prajñaḥ	one with steady intellect	Gita 2.55
sthitam	situated; residing	Gita 5.19; Gita 13.17; Gita 15.10
sthitau	the two standing	Gita 1.14
sthitaḥ	situated; remaining; being situated; am situated	Gita 5.20; Gita 6.10; Gita 6.14; Gita 6.21; Gita 6.22; Gita 10.42; Gita 18.73
sthitim	situation	Gita 6.33
sthitiḥ	established in steadiness	Gita 17.27
sthitvā	being established	Gita 2.72
sthitān	standing	Gita 1.26
sthitāḥ	are seated	Gita 5.19
sthānam	place; Abode; store house; the abode	Gita 5.5; Gita 8.28; Gita 9.18; Gita 18.62
sthāne	it is but apt	Gita 11.36
sthāpayitvā	having placed	Gita 1.24
sthāsyati	remains	Gita 2.53
sthāvara	unmoving	Gita 13.27
sthāvarāṇām	amongst immovable things	Gita 10.25
sthūlaḥ	Manifesting as the vast cosmic Virat-rupa that contains all planetary systems	VS · Shloka 90
striyaḥ	women	Gita 9.32
strīṣu duṣṭāsu	when women are corrupted	Gita 1.41
stutibhiḥ	with prayers	Gita 11.21
stuvanti	are extolling	Gita 11.21
su-alpam	a little	Gita 2.40
su-anuṣṭhitāt	perfectly done	Gita 3.35; Gita 18.47
su-durdarśam	exceedingly difficult to behold	Gita 11.52
su-durlabhaḥ	very rare	Gita 7.19
su-durācāraḥ	the vilest sinners	Gita 9.30
su-duṣkaram	difficult to perform	Gita 6.34
su-hṛdam	the selfless Friend	Gita 5.29
su-kṛtam	virtuous deeds	Gita 5.15
su-kṛtasya	pure	Gita 14.16
su-kṛtinaḥ	those who are pious	Gita 7.16
su-labhaḥ	easily attainable; Easily accessible and attained through sincere, unpretentious love and devotion (Bhakti)	Gita 8.14; VS · Shloka 88
su-niścitam	conclusively	Gita 5.1
su-sukham	easy	Gita 9.2
su-virūḍha-mūlam	deep-rooted	Gita 15.3
sughoṣa-maṇipuṣpakau	Sughoṣa and Maṇipuṣpaka	Gita 1.16
suhṛdaḥ	and well-wishers	Gita 1.27
sukha	happiness	Gita 2.14; Gita 2.38; Gita 6.7; Gita 14.6; Gita 17.8
sukha-duḥkha	pleasure and pain	Gita 15.5
sukha-duḥkhānām	of happiness and distress	Gita 13.21
sukham	happiness; easily; happily; bliss; joy	Gita 2.15; Gita 2.66; Gita 4.40; Gita 5.3; Gita 5.13; Gita 5.21; Gita 6.21; Gita 6.28; Gita 6.32; Gita 10.4; Gita 13.7; Gita 16.23; Gita 18.36; Gita 18.37; Gita 18.38; Gita 18.39; Gita 6.27
sukhasya	of bliss	Gita 14.27
sukhaḥ	happiness	Gita 14.24
sukhe	to happiness	Gita 14.9
sukhena	easily	Gita 6.28
sukheṣu	in pleasure	Gita 2.56
sukhinaḥ	happy	Gita 2.32
sukhinaḥ syāma	could we be happy	Gita 1.37
sukhī	happy	Gita 5.23; Gita 16.14
sukṛta-duṣkṛte	good and bad deeds	Gita 2.50
sulocanaḥ	Having charming, compassionate eyes that shower grace upon all who look toward Him	VS · Shloka 85
sumedhāḥ	Possessing supremely pure, brilliant, and auspicious divine intelligence	VS · Shloka 80
sundaraḥ	The supreme archetype of transcendental beauty, captivating the entire cosmos	VS · Shloka 85
sundaḥ	Full of profound mercy and tenderness, melting with compassion for His devotees	VS · Shloka 85
sura-gaṇāḥ	the celestial gods	Gita 10.2
sura-indra	of Indra	Gita 9.20
sura-saṅghāḥ	assembly of celestial gods	Gita 11.21
sura-uttama	O best of gods	VS · Phala Śruti 23
suruciḥ	Possessing supremely delightful, auspicious, and captivating transcendental radiance	VS · Shloka 94
surāṇām	like the celestial gods	Gita 2.8
sutantuḥ	Weaving the cosmic web of creation through a beautiful, orderly thread of cosmic law	VS · Shloka 84
suvarṇabinduḥ	Possessing beautiful golden limbs and revealed through the auspicious golden letters of the Vedas	VS · Shloka 86
suvarṇavarṇaḥ	Possessing a brilliant, radiant golden transcendental complexion	VS · Shloka 79
suvīraḥ	Possessing extraordinary, noble heroism and guiding heroic spiritual champions	VS · Shloka 101
suyāmunaḥ	Surrounded by the auspicious waters and pastoral beauty of the Yamuna in Vrindavan	VS · Shloka 75
sva-bhāva-jā	born of one’s innate nature	Gita 17.2
sva-bhāvaḥ	nature; one’s nature	Gita 2.7; Gita 5.14; Gita 8.3
sva-cakṣuṣā	with your physical eyes	Gita 11.8
sva-dharmam	one’s duty in accordance with the Vedas	Gita 2.33
sva-janam	own people; my own people; our own people indeed	Gita 1.28; Gita 1.31; Gita 1.37
sva-karma	to one’s own prescribed duty	Gita 18.45
sva-karmaṇā	by one’s natural occupation	Gita 18.46
sva-sthaḥ	established in the self	Gita 14.24
svabhāva-jam	born of one’s intrinsic qualities	Gita 18.42; Gita 18.43; Gita 18.44
svabhāva-niyatam	according to one’s innate nature	Gita 18.47
svabhāva-prabhavaiḥ-guṇaiḥ	work based on one’s nature and guṇas	Gita 18.41
svadhā	oblation	Gita 9.16
svadhṛtaḥ	Supported purely by His own independent divine energy and glory	VS · Shloka 90
svakam	his personal	Gita 11.50
svam	own	Gita 6.13
svapan	sleeping	Gita 5.8
svapna-avabodhasya	sleep and wakefulness	Gita 6.17
svapna-śīlasya	of one who sleeps	Gita 6.16
svapnam	dreaming	Gita 18.35
svarga-parāḥ	aiming to  achieve heavenly    planets	Gita 2.43
svasti	auspicious; The embodiment of supreme auspiciousness, peace, and divine perfection	Gita 11.21; VS · Shloka 96
svastibhuk	The enjoyer and protector of all auspiciousness, preserving the welfare of devotees	VS · Shloka 96
svastidakṣiṇaḥ	Prompt and generous in dispensing blessings of auspiciousness and spiritual gifts	VS · Shloka 96
svastidaḥ	The bestower of all genuine welfare, auspiciousness, and spiritual well-being	VS · Shloka 96
svastikṛt	The author of all auspiciousness who accomplishes what is truly beneficial for creation	VS · Shloka 96
svasyāḥ	by their own	Gita 3.33
svayaṃ-jātaḥ	Manifesting His divine Avataras independently by His own supreme will	VS · Shloka 106
svayā	by their own	Gita 7.20
svaḥ-gatim	way to the abode of the king of heaven	Gita 9.20
sve sve	respectively	Gita 18.45
svena	by your own	Gita 18.60
svādhyāya-abhyasanam	recitation of the Vedic scriptures	Gita 17.15
svādhyāyaḥ	study of sacred books	Gita 16.1
svām	of myself; my own	Gita 4.6; Gita 9.8
svāsyaḥ	Having an exquisitely beautiful and gracious lotus face from which the Vedas emerged	VS · Shloka 90
swa-dharmam	one’s duty in accordance with the Vedas	Gita 2.31
swa-dharmaḥ	personal duty; one’s own prescribed occupational duty	Gita 3.35; Gita 18.47
swa-dharme	in one’s personal duties	Gita 3.35
swabhāva-jena	born of one’s own material nature	Gita 18.60
swarga	celestial abodes	Gita 2.32
swarga-lokam	heaven	Gita 9.21
swarga-parāḥ	aiming to achieve the heavenly planets	Gita 2.42
swargam	celestial abodes	Gita 2.37
swayam	yourself	Gita 10.15
swādhyāya	cultivating knowledge by studying the scriptures	Gita 4.28
syuḥ	may be	Gita 9.32
syām	would be; shall be	Gita 3.24; Gita 18.70
syāt	may be; is; may exist; would be; one becomes	Gita 2.7; Gita 3.17; Gita 10.39; Gita 11.12; Gita 15.20; Gita 18.40
sādharmyam	of similar nature	Gita 14.2
sādhu-bhāve	with auspicious intention	Gita 17.26
sādhuṣu	pious	Gita 6.9
sādhyāḥ	the Sadhyas	Gita 11.22
sādhūnām	the righteous	Gita 4.8; VS · Phala Śruti 31
sāgaraḥ	the ocean	Gita 10.24
sākṣāt	directly	Gita 18.75
sāma-vedaḥ	the Sāma Veda	Gita 10.22
sāmagāyanaḥ	Sung melodiously and praised in the sacred chants of the Sama Veda	VS · Shloka 106
sāmarthyam	might	Gita 2.36
sāmnām	amongst the hymns in the Sama Veda	Gita 10.35
sāmye	in equanimity	Gita 5.19
sāmyena	by equanimity	Gita 6.33
sāmāsikasya	amongst grammatical compounds	Gita 10.33
sānkhya	renunciation of actions	Gita 5.4
sānkhyaiḥ	by means of karm sanyās	Gita 5.5
sānkhyam	renunciation of actions	Gita 5.5
sānkhye	by analytical knowledge; of Sānkya	Gita 2.39; Gita 18.13
sānkhyena	through cultivation of knowledge	Gita 13.25
sānkhyānām	for those inclined toward contemplation	Gita 3.3
sāttvika-priyāḥ	dear to those in the mode of goodness	Gita 17.8
sāttvikam	mode of goodness; in the mode of goodness; in    the mode    of  goodness	Gita 14.16; Gita 17.17; Gita 17.20; Gita 18.20; Gita 18.23; Gita 18.36; Gita 18.37
sāttvikaḥ	of the nature of goodness; in the mode of goodness; Embodying supreme goodness, truth, and purity, inspiring virtuous devotion in seekers	Gita 17.11; Gita 18.9; Gita 18.26; VS · Shloka 93
sāttvikāḥ	in the mode of goodness; those in the mode of goodness	Gita 7.12; Gita 17.4
sāttvikī	of the mode of goodness; in the nature of goodness; in the mode of goodness	Gita 17.2; Gita 18.30; Gita 18.33
sātyakiḥ ca aparājitaḥ	and the unconquered Sātyaki	Gita 1.17
sīdanti	fail / grow weak	Gita 1.29
sūkṣmatvāt	due to subtlety	Gita 13.16
sūrya	suns	Gita 11.12
sūryaḥ	the sun; The radiant Sun who produces prosperity, light, and life throughout the cosmic planetary systems	Gita 15.6; VS · Shloka 94
sūta-putraḥ	Karna	Gita 11.26
sūtre	on a thread	Gita 7.7
sūyate	brings into being	Gita 9.10
sṛjati	creates	Gita 5.14
sṛjāmi	manifest	Gita 4.7
sṛtī	paths	Gita 8.27
sṛṣṭam	were created	Gita 4.13
sṛṣṭvā	created	Gita 3.10
tad-gata-mānasaḥ	mind on Him	VS · Phala Śruti 5
tadvat	likewise	Gita 2.70
tadā	then; at that time	Gita 1.2; Gita 1.21; Gita 2.52; Gita 2.53; Gita 2.55; Gita 4.7; Gita 6.4; Gita 6.18; Gita 11.13; Gita 13.31; Gita 14.11; Gita 14.14
taiḥ	by them	Gita 3.12; Gita 5.19; Gita 7.20
tamasa-āvṛtā	shrouded in darkness	Gita 18.32
tamasaḥ	to the darkness of ignorance; the darkness; mode of ignorance; from the mode of ignorance	Gita 8.9; Gita 13.18; Gita 14.16; Gita 14.17
tamasi	mode of ignorance; in the mode of ignorance	Gita 14.13; Gita 14.15
tamaḥ	darkness; mode of ignorance	Gita 10.11; Gita 14.5; Gita 14.8; Gita 14.9; Gita 14.10; Gita 17.1
tamaḥ-dvāraiḥ	gates to darkness	Gita 16.22
tantu-vardhanaḥ	He who expands and preserves the lineage of creation and the spiritual succession of devotees	VS · Shloka 84
tanum	form	Gita 7.21; Gita 9.11
tapasi	in penance	Gita 17.27
tapasvibhyaḥ	than the ascetics	Gita 6.46
tapasviṣu	of the ascetics	Gita 7.9
tapasyasi	austerities you perform	Gita 9.27
tapasā	by the fire of knowledge; by serious penances	Gita 4.10; Gita 11.53
tapasām	austerities	Gita 5.29
tapaḥ	penance; austerity; austerities	Gita 7.9; Gita 10.5; Gita 16.1; Gita 17.5; Gita 17.7; Gita 17.14; Gita 17.15; Gita 17.16; Gita 17.17; Gita 17.18; Gita 17.19; Gita 17.24; Gita 17.25; Gita 17.28; Gita 18.3; Gita 18.5; Gita 18.42; VS · Pūrva Pīṭhikā 15
tapaḥ-yajñāḥ	offering severe austerities as sacrifice	Gita 4.28
tapaḥsu	in austerities	Gita 8.28
tapobhiḥ	by austerities	Gita 11.48
taptam	practiced	Gita 17.17; Gita 17.28
tapyante	perform	Gita 17.5
tapāmi	radiate heat	Gita 9.19
taranti	cross over	Gita 7.14
tariṣyasi	you shall overcome	Gita 18.58
tasmin	in that	Gita 14.3
tasmāt	therefore; than that; than them	Gita 1.37; Gita 2.18; Gita 2.25; Gita 2.27; Gita 2.30; Gita 2.37; Gita 2.50; Gita 2.68; Gita 3.15; Gita 3.19; Gita 3.41; Gita 4.15; Gita 4.42; Gita 5.19; Gita 6.46; Gita 8.7; Gita 8.20; Gita 8.27; Gita 11.33; Gita 11.44; Gita 16.21; Gita 16.24; Gita 17.24; Gita 18.69
tasyām	in that	Gita 2.69
tat	that; then; therefore; the Truth; them; all that; he; the syllable Tat; The supreme Brahman indicated as 'Tat' (That) who expands and sustains all; that very	Gita 2.7; Gita 2.17; Gita 2.57; Gita 2.67; Gita 3.1; Gita 3.2; Gita 3.9; Gita 3.21; Gita 4.16; Gita 4.34; Gita 4.38; Gita 5.1; Gita 5.5; Gita 5.16; Gita 6.21; Gita 7.1; Gita 7.23; Gita 7.29; Gita 8.1; Gita 8.6; Gita 8.11; Gita 8.21; Gita 9.26; Gita 9.27; Gita 10.39; Gita 11.4; Gita 11.37; Gita 11.42; Gita 11.45; Gita 13.3; Gita 13.4; Gita 13.13; Gita 13.14; Gita 13.16; Gita 13.17; Gita 13.18; Gita 13.27; Gita 14.7; Gita 14.8; Gita 15.4; Gita 15.5; Gita 15.6; Gita 15.12; Gita 17.17; Gita 17.18; Gita 17.19; Gita 17.20; Gita 17.21; Gita 17.22; Gita 17.25; Gita 17.28; Gita 18.5; Gita 18.20; Gita 18.21; Gita 18.22; Gita 18.23; Gita 18.24; Gita 18.25; Gita 18.36; Gita 18.37; Gita 18.38; Gita 18.39; Gita 18.40; Gita 18.45; Gita 18.60; Gita 18.77; VS · Shloka 78; Gita 11.49; Gita 1.10; Gita 10.41; Gita 8.28; Gita 17.23
tat me kṣemataram bhavet	that would be better for me	Gita 1.46
tat sarvam kṣamyatām	may all that be forgiven	VS · Kṣamā Prārthanā
tat-anantaram	thereafter	Gita 18.55
tat-arthīyam	for such purposes	Gita 17.27
tat-buddhayaḥ	those whose intellect is directed toward God	Gita 5.17
tat-niṣṭhāḥ	those whose intellect has firm faith in God	Gita 5.17
tat-paraḥ	devoted (to that)	Gita 4.39
tat-parāyaṇāḥ	those who strive after God as the supreme goal and refuge	Gita 5.17
tat-prasādāt	by his grace	Gita 18.62
tat-samakṣam	before others	Gita 11.42
tat-vidaḥ	those who discern the truth	Gita 13.2
tat-ātmānaḥ	those whose heart (mind and intellect) is solely absorbed in God	Gita 5.17
tatam	pervaded; is pervaded	Gita 2.17; Gita 8.22; Gita 9.4; Gita 11.38; Gita 18.46
tathā eva ca pitāmahāḥ	and likewise grandfathers	Gita 1.34
tatra	thereupon; therefore; there; into that; amongst these	Gita 2.13; Gita 2.28; Gita 6.12; Gita 6.43; Gita 8.18; Gita 8.24; Gita 8.25; Gita 11.13; Gita 14.6; Gita 18.4; Gita 18.16; Gita 18.78; Gita 1.26; VS · Phala Śruti 29
tattva	of the truth	Gita 2.16
tattva-darśinaḥ	those who have realized the Truth	Gita 4.34
tattva-jñāna	knowledge of spiritual principles	Gita 13.12
tattva-vit	the knower of the Truth; one who knows the truth	Gita 3.28; Gita 5.8
tattvam	the truth; The ultimate Reality (Tattva), independent, eternal, and free from all defects	Gita 18.1; VS · Shloka 103
tattvataḥ	in truth; from the Eternal Truth	Gita 4.9; Gita 6.21; Gita 7.3; Gita 10.7; Gita 18.55
tattvena	divine nature; truly	Gita 9.24; Gita 11.54
tatvavid	The omniscient knower of all reality, categories, and spiritual truths	VS · Shloka 103
tau	they; those	Gita 2.19; Gita 3.34
tava	your; of yours; with you	Gita 2.36; Gita 4.5; Gita 11.15; Gita 11.16; Gita 11.20; Gita 11.28; Gita 11.29; Gita 11.30; Gita 11.31; Gita 11.36; Gita 11.41; Gita 11.47; Gita 11.51; Gita 18.73
tava śiṣyeṇa	your disciple	Gita 1.3
tayoḥ	of them; of the two	Gita 3.34; Gita 5.2
tayā	by that; with that	Gita 2.44; Gita 7.22
tejasvinām	of the splendid	Gita 7.10; Gita 10.36
tejaḥ	brilliance; splendor; the splendor; brightness; vigor; strength	Gita 7.9; Gita 7.10; Gita 10.36; Gita 15.12; Gita 16.3; Gita 18.43; VS · Pūrva Pīṭhikā 15; VS · Phala Śruti 16
tejaḥ-anśa-sambhavam	splendor	Gita 10.41
tejaḥ-mayam	resplendent	Gita 11.47
tejaḥ-rāśim	abode of splendor	Gita 11.17
tejobhiḥ	by effulgence	Gita 11.30
tejovṛṣaḥ	He who showers radiant light, energy, and rain across the cosmos through the Sun	VS · Shloka 81
tena	by that (desire); by that; from them; in that	Gita 3.38; Gita 4.24; Gita 5.15; Gita 6.44; Gita 11.1; Gita 17.23; Gita 11.46
teṣu	to them (sense objects); in those; in them; those	Gita 2.62; Gita 5.22; Gita 7.12; Gita 9.4; Gita 9.9; Gita 9.29; Gita 16.7
teṣām nitya-abhiyuktānām	of those ever united with Me	VS · Phala Śruti 30
titikṣasva	tolerate	Gita 2.14
tiṣṭhan-tam	accompanying	Gita 13.28
tiṣṭhanti	stay	Gita 14.18
tiṣṭhasi	reside	Gita 10.16
tiṣṭhati	can remain; exists; dwells	Gita 3.5; Gita 13.14; Gita 18.61
toyam	water	Gita 9.26
trai-guṇya	of the three modes of material nature	Gita 2.45
trai-vidyāḥ	the science of karm kāṇḍ (Vedic Rituals)	Gita 9.20
trailokya-rājyasya hetoḥ	even for the sake of dominion over the three worlds	Gita 1.35
trayam	three	Gita 11.20; Gita 16.21; Gita 15.17
trayī dharmam	the karm-kāṇḍ portion of the three Vedas	Gita 9.21
tri-vidham	three types of; three-fold; of three kinds	Gita 16.21; Gita 17.17; Gita 18.12; Gita 18.36
tri-vidhaḥ	of three kinds; threefold	Gita 17.7; Gita 17.23; Gita 18.4; Gita 18.18
tri-vidhā	of three kinds; three factors	Gita 17.2; Gita 18.18
tribhiḥ	by three; three	Gita 7.13; Gita 16.22; Gita 18.40
tridhā	of three kinds	Gita 18.19
trilokadhṛt	The supreme Supporter who upholds and sustains the three worlds	VS · Shloka 80
triṣu	in the three	Gita 3.22
trāyate	saves	Gita 2.40
trīn	three	Gita 14.20; Gita 14.21; VS · Phala Śruti 20
tu	indeed; but; however; verily; and; certainly; alone; still	Gita 1.2; Gita 2.5; Gita 2.12; Gita 2.14; Gita 2.16; Gita 2.17; Gita 2.39; Gita 2.64; Gita 3.7; Gita 3.13; Gita 3.17; Gita 3.28; Gita 3.32; Gita 3.42; Gita 5.2; Gita 5.6; Gita 5.14; Gita 5.16; Gita 6.6; Gita 6.16; Gita 6.35; Gita 6.36; Gita 6.45; Gita 7.5; Gita 7.12; Gita 7.18; Gita 7.23; Gita 7.26; Gita 7.28; Gita 8.16; Gita 8.20; Gita 8.22; Gita 8.23; Gita 9.1; Gita 9.13; Gita 9.24; Gita 9.29; Gita 10.40; Gita 11.8; Gita 11.54; Gita 13.26; Gita 14.8; Gita 14.9; Gita 14.14; Gita 14.16; Gita 15.17; Gita 17.1; Gita 17.7; Gita 17.12; Gita 17.21; Gita 18.7; Gita 18.11; Gita 18.12; Gita 18.16; Gita 18.21; Gita 18.22; Gita 18.24; Gita 18.34; Gita 18.36
tulya	of equal value; the same	Gita 14.24
tulyaḥ	equal	Gita 14.25
tumulaḥ	tumultuous	Gita 1.19
tuṣyanti	satisfaction	Gita 10.9
tuṣyati	is satisfied	Gita 6.20
tuṣṭiḥ	satisfaction	Gita 10.5
tvak ca eva paridahyate	and the skin burns	Gita 1.30
tvaramāṇāḥ	rushing; fearful	Gita 11.26; Gita 11.27
tvat	than you	Gita 6.39; Gita 11.48; Gita 11.47
tvat-prasādāt	by your grace	Gita 18.73
tvat-samaḥ	equal to you	Gita 11.43
tvattaḥ	from you	Gita 11.2
tvā	to you	Gita 2.2
tyajan	quitting	Gita 8.13
tyajati	gives up	Gita 8.6
tyajet	should abandon; giving up	Gita 16.21; Gita 18.8; Gita 18.48
tyakta	having abandoned	Gita 4.21
tyakta-jīvitāḥ	ready to give up their lives	Gita 1.9
tyaktum	to give up	Gita 18.11
tyaktvā	giving up; having abandoned; abandoning; having given up; relinquishing	Gita 2.3; Gita 2.48; Gita 2.51; Gita 4.9; Gita 4.20; Gita 5.10; Gita 5.11; Gita 5.12; Gita 6.24; Gita 18.6; Gita 18.9; Gita 18.51
tyāga	renunciation of desires for enjoying the fruits of actions	Gita 18.8
tyāgam	renunciation of desires for enjoying the fruits of actions	Gita 18.2; Gita 18.8
tyāgasya	of renunciation of desires for enjoying the fruits of actions	Gita 18.1
tyāgaḥ	renunciation; renunciation of desires for enjoying the fruits of actions	Gita 16.2; Gita 18.4; Gita 18.9
tyāge	about renunciation of desires for enjoying the fruits of actions	Gita 18.4
tyāgī	one who renounces desires for enjoying the fruits of actions; one who renounces all desires for enjoying the fruits of actions	Gita 18.10; Gita 18.11
tyājyam	should be given up; should be abandoned	Gita 18.3; Gita 18.5
tām	in that; about this	Gita 7.21; Gita 17.2
tāmasa	to persons in the mode of ignorance	Gita 17.10
tāmasam	in the mode of ignorance; of the nature of nescience	Gita 17.13; Gita 17.19; Gita 17.22; Gita 18.22; Gita 18.25; Gita 18.39
tāmasaḥ	in the mode of ignorance	Gita 18.7; Gita 18.28
tāmasāḥ	in the mode of ignorance; those in the mode of ignorance	Gita 7.12; Gita 14.18; Gita 17.4
tāmasī	of the mode of ignorance; of the nature of ignorance; in the mode of ignorance	Gita 17.2; Gita 18.32; Gita 18.35
tān	them; those; they are; these	Gita 2.14; Gita 3.29; Gita 3.32; Gita 4.11; Gita 4.32; Gita 7.12; Gita 7.22; Gita 16.19; Gita 17.6; Gita 1.7
tān bravīmi te	I tell them to you	Gita 1.7
tān samīkṣya	seeing them	Gita 1.27
tāni	them; those	Gita 2.61; Gita 4.5; Gita 9.7; Gita 9.9; Gita 18.19; VS · Pūrva Pīṭhikā 19
tāsām	of all of them	Gita 14.4
tāta	my friend	Gita 6.40
tāvān	that many	Gita 2.46
tīkṣṇa	pungent	Gita 17.9
tīrthakaraḥ	The creator of sacred pilgrimage places (Tirthas) and the revealer of sacred knowledge	VS · Shloka 74
tūṣṇīm	silent	Gita 2.9
tṛpta ātmā	one fully satisfied	Gita 6.8
tṛptaḥ	satisfied	Gita 4.20
tṛptiḥ	satisfaction	Gita 10.18
tṛṣṇā	desires	Gita 14.7
ubhau	both	Gita 2.19; Gita 5.2; Gita 13.20
ubhaya	both	Gita 6.38
ubhayoḥ	of both; of the two	Gita 2.10; Gita 2.16; Gita 5.4; Gita 1.21; Gita 1.24; Gita 1.27
ubhe	both	Gita 2.50
uccaiḥśravasam	Uchchaihshrava	Gita 10.27
ucchiṣṭam	left over	Gita 17.10
ucchoṣaṇam	is drying up	Gita 2.8
ucchritam	high	Gita 6.11
ucyate	is said; is called; are called; are said to be; is said (to be); is said to be; are said to have; is declared as; are declared as; is pronounced; are termed as; is declared to be	Gita 2.25; Gita 2.48; Gita 2.55; Gita 2.56; Gita 3.6; Gita 3.40; Gita 6.3; Gita 6.4; Gita 6.8; Gita 6.18; Gita 8.1; Gita 8.3; Gita 13.13; Gita 13.18; Gita 13.21; Gita 14.25; Gita 15.16; Gita 17.14; Gita 17.15; Gita 17.16; Gita 17.27; Gita 17.28; Gita 18.23; Gita 18.25; Gita 18.26; Gita 18.28
uda-pāne	a well of water	Gita 2.46
udara	stomachs	Gita 11.16
udbhavam	manifested; generated from	Gita 3.15; Gita 5.23
uddeśataḥ	just one portion	Gita 10.40
uddharet	elevate	Gita 6.5
uddiśya	expectation	Gita 17.21
udumbaraḥ	Exalted high above the celestial heavens, nourishing the universe like the cosmic tree	VS · Shloka 88
udvijet	become disturbed	Gita 5.20
udyata	uplifted	Gita 11.10
udāhṛtam	are said; is described to be; is held to be; is said to be	Gita 13.7; Gita 17.19; Gita 17.22; Gita 18.22; Gita 18.24; Gita 18.39
udāhṛtaḥ	is said	Gita 15.17
udāhṛtya	by uttering	Gita 17.24
udārāḥ	noble	Gita 7.18
udāsīna	neutral persons	Gita 6.9
udāsīna-vat	as neutral; neutral	Gita 9.9; Gita 14.23
ugra	cruel	Gita 16.9
ugra-rūpaḥ	fierce form	Gita 11.31
ugraiḥ	severe	Gita 11.48
ugram	terrible	Gita 11.20
ugrāḥ	fierce	Gita 11.30
uktam	spoken; addressed; revealed; as revealed	Gita 11.1; Gita 11.41; Gita 13.19; Gita 15.20; Gita 16.24
uktaḥ	is said	Gita 8.21; Gita 13.23; Gita 1.24
uktvā	having spoken; having addressed; reciting	Gita 2.9; Gita 11.9; Gita 11.21; Gita 11.50; Gita 1.47
uktāḥ	are said	Gita 2.18
ulbena	by the womb	Gita 3.38
unmiṣan	opening (the eyes); opening	Gita 5.8; Gita 5.9
upadekṣyanti	can impart	Gita 4.34
upadhāraya	know	Gita 7.6; Gita 9.6
upadraṣṭā	the witness	Gita 13.23
upahanyām	would destroy	Gita 3.24
upahata	besieged	Gita 2.7
upaiti	attains; achieves	Gita 6.27; Gita 8.10; Gita 8.28
upaiṣyasi	you shall reach	Gita 9.28
upajuhvati	offer	Gita 4.25
upajāyante	are born	Gita 14.2
upajāyate	arises; comes; manifest	Gita 2.62; Gita 2.65; Gita 14.11
upalabhyate	is perceived	Gita 15.3
upalipyate	is contaminated	Gita 13.33
upamam	compared to	Gita 18.37
upamā	analogy	Gita 6.19
upapadyate	befitting; is fit; attain; to be performed	Gita 2.3; Gita 6.39; Gita 13.19; Gita 18.7
upapannam	come	Gita 2.32
upapattiṣu	having obtained	Gita 13.10
uparamate	rejoice inner joy	Gita 6.20
uparamet	attain peace	Gita 6.25
uparatam	have fled	Gita 2.35
upasevate	savors	Gita 15.9
upaviśya	being seated	Gita 6.12
upayānti	come	Gita 10.10
upetaḥ	possessed	Gita 6.37
upetya	having attained	Gita 8.15; Gita 8.16
upāviśat	sat down	Gita 1.47
upāyataḥ	by right means	Gita 6.36
upāśritya	take refuge in; taking shelter of	Gita 14.2; Gita 18.57
upāśritāḥ	taking refuge (of); taking refuge	Gita 4.10; Gita 16.11
uragān	serpents	Gita 11.15
uta	indeed; certainly	Gita 14.9; Gita 14.11
utkrāmantam	departing	Gita 15.10
utkrāmati	leaves	Gita 15.8
utsanna-kula-dharmāṇām	whose family dharmas are destroyed	Gita 1.44
utsādana-artham	for harming	Gita 17.19
utsādyante	are destroyed	Gita 1.43
utsāha	zeal	Gita 18.26
utsīdeyuḥ	would perish	Gita 3.24
utsṛjya	discarding; disregard	Gita 16.23; Gita 17.1
utsṛjāmi	send forth	Gita 9.19
uttama-aṅgaiḥ	heads; by    the head	Gita 11.26; Gita 11.27
uttama-vidām	of the learned	Gita 14.14
uttamam	supreme; highest	Gita 4.3; Gita 9.2; Gita 18.6; Gita 6.27; Gita 14.1; VS · Shloka 48
uttamaujāḥ	and Uttamaujas	Gita 1.6
uttamaḥ	the Supreme; transcendental	Gita 15.17; Gita 15.18
uttara-ayanam	the sun’s northern course	Gita 8.24
uttaram	one over the other	Gita 6.11
uttham	derived from	Gita 18.39
utthitā	rising	Gita 11.12
uttiṣṭha	arise	Gita 2.3; Gita 2.37; Gita 4.42; Gita 11.33
uttāraṇaḥ	The supreme Savior who rescues fallen souls from the dark ocean of Samsara	VS · Shloka 99
uvāca	said	Gita 1.25; Gita 2.1; Gita 2.10; Gita 3.10
uśanā	Shukracharya	Gita 10.37
uṣitvā	after dwelling	Gita 6.41
uṣma-pāḥ	the ancestors	Gita 11.22
uṣṇa	summer; heat	Gita 2.14; Gita 6.7
vacanam	words; instructions	Gita 11.35; Gita 18.73; Gita 1.2
vacaḥ	words; teachings; instruction	Gita 2.10; Gita 10.1; Gita 11.1; Gita 18.64
vada	please tell	Gita 3.2
vadanaiḥ	with mouths	Gita 11.30
vadanti	describe	Gita 8.11
vadasi	you tell	Gita 10.14
vadati	speak of	Gita 2.29
vadiṣyanti	will say	Gita 2.36
vahāmi	carry	Gita 9.22
vaikhānaḥ	He who dug and rescued the Earth from the cosmic depths in His holy Varaha Avatara	VS · Shloka 106
vainateyaḥ	Garud	Gita 10.30
vairiṇam	the enemy	Gita 3.37
vairāgyam	dispassion	Gita 13.9; Gita 18.52
vairāgyeṇa	by detachment	Gita 6.35
vaiśvānaraḥ	fire of digestion	Gita 15.14
vaiśya	of the mercantile and farming class	Gita 18.44
vaiśyāḥ	mercantile people	Gita 9.32
vajram	the Vajra (thunderbolt)	Gita 10.28
vaktra	faces; mouths	Gita 11.10; Gita 11.16; Gita 11.23
vaktrāṇi	mouths	Gita 11.26; Gita 11.27; Gita 11.28; Gita 11.29
vaktum	to describe	Gita 10.16
vakṣyāmi	shall reveal; I shall describe; say; I am speaking	Gita 7.2; Gita 8.23; Gita 10.1; Gita 18.64; VS · Pūrva Pīṭhikā 19
vara	O best	Gita 8.4
varjitāḥ	devoid of	Gita 4.19
varta-mānaḥ	remain; situated	Gita 6.31; Gita 13.24
vartamānāni	the present	Gita 7.26
vartante	are engaged; moving; let    them be so engaged; act	Gita 3.28; Gita 5.8; Gita 5.9; Gita 14.23
vartate	exists; dwells; act	Gita 5.26; Gita 6.31; Gita 16.23
varte	I am engaged	Gita 3.22
varteta	remains	Gita 6.6
varteyam	thus engage	Gita 3.23
vartma	path	Gita 3.23; Gita 4.11
vartmani	in the path	Gita 9.3
varāṅgaḥ	Endowed with supremely exquisite, auspicious, and charming divine limbs	VS · Shloka 79
varṇa	colors	Gita 11.5
varṇa-saṅkara-kārakaiḥ	which cause intermixture of varṇas	Gita 1.43
varṇam	colors	Gita 11.24
varṣam	rain	Gita 9.19
vasavaḥ	the Vasus	Gita 11.22
vasu-retāḥ	Possessing a luminous, golden creative potency from which the cosmos arises	VS · Shloka 74
vasumanaḥ	Possessing a mind that is supremely pure, peaceful, and filled with benevolence	VS · Shloka 74
vasupradaḥ	The generous giver of true wealth, spiritual illumination, and liberation; Bestower of the supreme spiritual treasure of devotion and divine grace	VS · Shloka 74
vasūn	the (eight) Vasus	Gita 11.6
vasūnām	amongst the Vasus	Gita 10.23
vaśam	be controlled; control	Gita 3.34; Gita 6.26
vaśe	control	Gita 2.61
vaśya-ātmanā	by one whose mind is controlled	Gita 6.36
vaśāt	force	Gita 9.8
vaśī	the self-controlled	Gita 5.13
vaḥ	your; you; unto you	Gita 3.10; Gita 3.11; Gita 3.12
vaṃśavardhanaḥ	He who expands and protects the cosmic family of creation and the lineage of devotees	VS · Shloka 90
veda	knows; understand; know	Gita 2.21; Gita 2.29; Gita 4.5; Gita 7.26; Gita 15.1
veda-vidaḥ	scholars of the Vedas	Gita 8.11
veda-vāda-ratāḥ	attached to the flowery words of the Vedas	Gita 2.42
veda-yajña	by performance of sacrifice	Gita 11.48
vede	in the Vedas	Gita 15.18
vedeṣu	Vedas; in the study of the Vedas	Gita 2.46; Gita 7.8; Gita 8.28
veditavyam	worthy of being known	Gita 11.18
veditum	to know; to understand	Gita 13.1; Gita 18.1
vedyam	the goal of knowledge; the object of knowledge	Gita 9.17; Gita 11.38
vedānta-gaḥ	attains Vedānta	VS · Phala Śruti 3
vedānta-kṛt	the author of the Vedānt	Gita 15.15
vedānām	amongst the Vedas	Gita 10.22
vedāḥ	Vedic scriptures; scriptures	Gita 2.45; Gita 17.23
vedāḥ śāstrāṇi vijñānam	Vedas, śāstras, and science	VS · Phala Śruti 19
vegam	forces	Gita 5.23
vepamānaḥ	trembling	Gita 11.35
vepathuḥ	and trembling	Gita 1.29
verseyaḥ	who	Gita 10.3
vettha	know	Gita 4.5; Gita 10.15
vetti	knows; know; understand; consider; understands	Gita 2.19; Gita 4.9; Gita 6.21; Gita 7.3; Gita 10.3; Gita 10.7; Gita 13.2; Gita 13.24; Gita 14.19; Gita 18.21; Gita 18.30
vettā	the knower	Gita 11.38
vibhaktam	divided	Gita 13.17
vibhakteṣu	in diversity	Gita 18.20
vibhramaḥ	bewilderment	Gita 2.63
vibhraṣṭaḥ	deviated from	Gita 6.38
vibhrāntāḥ	led astray	Gita 16.15
vibhum	the Great	Gita 10.12
vibhāgayoḥ	distinguish	Gita 3.28
vibhāgaśaḥ	according to divisions	Gita 4.13
vibhāvasau	in the fire	Gita 7.9
vibhūtayaḥ	opulences	Gita 10.16
vibhūteḥ	of (my) glories	Gita 10.40
vibhūtibhiḥ	opulences	Gita 10.16
vibhūtim	glories; opulences	Gita 10.7; Gita 10.18
vibhūtimat	opulent	Gita 10.41
vibhūtīnām	manifestations	Gita 10.40
vicakṣaṇāḥ	the wise	Gita 18.2
vicetasaḥ	deluded	Gita 9.12
vicālyate	is shaken; are disturbed	Gita 6.22; Gita 14.23
vidadhāmi	bestow	Gita 7.21
viddhi	know; you should know; try to learn; understand	Gita 2.17; Gita 3.15; Gita 3.32; Gita 3.37; Gita 4.13; Gita 4.32; Gita 4.34; Gita 6.2; Gita 7.5; Gita 7.10; Gita 7.12; Gita 10.24; Gita 10.27; Gita 13.3; Gita 13.20; Gita 13.27; Gita 14.7; Gita 14.8; Gita 15.12; Gita 17.6; Gita 17.12; Gita 18.20; Gita 18.21
vidheya-ātmā	one who controls the mind	Gita 2.64
vidhi-driṣṭaḥ	that is in accordance with the scriptural injunctions	Gita 17.11
vidhi-hīnam	without scriptural direction	Gita 17.13
vidhāna	injunctions	Gita 16.24
vidhāna-uktāḥ	according to the prescriptions of Vedic injunctions	Gita 17.24
vidhīyate	occurs	Gita 2.44
vidita-ātmanām	of those who are self-realized	Gita 5.26
viditvā	having known	Gita 2.25; Gita 8.28
vidiśaḥ	Dispensing specific tasks and gifts across all directions and to all beings	VS · Shloka 100
vidmaḥ	we know	Gita 2.6
vidvattamaḥ	The supreme, unmatched Scholar and Knower of all fields of knowledge	VS · Shloka 98
vidvān	the wise	Gita 3.25; Gita 3.26
vidyate	there is; is; exists; exist	Gita 2.16; Gita 2.31; Gita 2.40; Gita 3.17; Gita 4.38; Gita 6.40; Gita 8.16; Gita 16.7
vidyā	divine knowledge	Gita 5.18
vidyām aham	shall I know	Gita 10.17
vidyānām	amongst sciences	Gita 10.32
vidyāt	you should know; know	Gita 6.23; Gita 14.11
vidyāḥ śilpa-ādi karma	arts and crafts	VS · Phala Śruti 19
vidāhinaḥ	chiliful	Gita 17.9
vigata	free; discarded; freed from	Gita 5.27; Gita 5.28; Gita 6.28
vigata-bhīḥ	fearless	Gita 6.14
vigata-jvaraḥ	without mental fever	Gita 3.30
vigata-spṛhaḥ	without craving; free from desires	Gita 2.56; Gita 18.49
vigataḥ	is dispelled	Gita 11.1
viguṇaḥ	tinged with faults; imperfectly done	Gita 3.35; Gita 18.47
vihitān	granted	Gita 7.22
vihitāḥ	came about	Gita 17.23
vihāra	while at play	Gita 11.42
vihārasya	recreation	Gita 6.17
vihāya	sheds; casting off; giving up	Gita 2.22; Gita 2.71
vihāyasa-gatiḥ	Moving effortlessly through the celestial skies, and the supreme destination attained in the spiritual realm	VS · Shloka 94
vijayam	victory	Gita 1.32
vijita-indriyaḥ	one who has conquered the senses	Gita 6.8
vijita-ātmā	one who has conquered the mind	Gita 5.7
vijñāna	realization; realized knowledge, wisdom from within; realized knowledge	Gita 3.41; Gita 6.8; Gita 9.1
vijñānam	wisdom	Gita 7.2; Gita 18.42
vijñātum	to know	Gita 11.31
vijñāya	having understood	Gita 13.19
vijānataḥ	who is in complete knowledge	Gita 2.46
vijānītaḥ	in knowledge	Gita 2.19
vijānīyām	am I to understand	Gita 4.4
vikampitum	to waver	Gita 2.31
vikarmaṇaḥ	forbidden action	Gita 4.17
vikarṇaḥ	and Vikarṇa	Gita 1.8
vikrāntaḥ	the mighty	Gita 1.6
vikārān	transformations (of the body)	Gita 13.20
vilagnāḥ	getting stuck; being  attacked	Gita 11.26; Gita 11.27
vimatsaraḥ	free from envy	Gita 4.22
vimohayati	deludes	Gita 3.40
vimohitāḥ	deluded	Gita 16.15
vimokṣaṇāt	giving up	Gita 5.23
vimokṣyase	you shall be liberated	Gita 4.32
vimokṣāya	toward liberation	Gita 16.5
vimucya	being freed from	Gita 18.53
vimuhyati	is deluded	Gita 2.72
vimukta-duḥkhāḥ sukhinaḥ bhavanti	become free from sorrow and happy	VS · Phala Śruti 32
vimuktaḥ	liberated; freed from; freed	Gita 9.28; Gita 14.20; Gita 16.22
vimuktānām	of those who are liberated	Gita 5.26
vimuktāḥ	liberated	Gita 15.5
vimuñcati	give up	Gita 18.35
vimūḍha-bhāvaḥ	bewildered state	Gita 11.49
vimūḍha-ātmā	the deluded	Gita 3.6
vimūḍhaḥ	bewildered	Gita 6.38
vimūḍhān	deluded	Gita 3.32
vimūḍhāḥ	the ignorant	Gita 15.10
vimṛśya	pondering	Gita 18.63
vinadya uccaiḥ	having roared loudly	Gita 1.12
vinaya	humbleness	Gita 5.18
vinaśyati	falls down; is annihilated	Gita 4.40; Gita 8.20
vinaśyatsu	amongst the perishable	Gita 13.28
vinaṅkṣyasi	you will perish	Gita 18.58
vindate	achieve	Gita 5.4
vindati	finds; find; attains	Gita 4.38; Gita 5.21; Gita 18.45; Gita 18.46
vindāmi	I find	Gita 11.24
vinivartante	restrain	Gita 2.59
vinivṛtta	freed from	Gita 15.5
viniyamya	restraining	Gita 6.24
viniyatam	fully controlled	Gita 6.18
viniścitaiḥ	conclusive evidence	Gita 13.5
vinā	without	Gita 10.39
vināśam	destruction	Gita 2.17
vināśaḥ	destruction	Gita 6.40
vināśāya	to annihilate	Gita 4.8; VS · Phala Śruti 31
viparivartate	undergoes the changes	Gita 9.10
viparītam	improper	Gita 18.15
viparītān	opposite	Gita 18.32
vipaścitaḥ	one endowed with discrimination	Gita 2.60
virahitam	without	Gita 17.13
virocanaḥ	The supreme Illuminator shining with resplendent, diverse transcendental glories	VS · Shloka 94
virāṭaḥ	and Virāṭa	Gita 1.4; Gita 1.17
visargaḥ	creation	Gita 8.3
vismaya-āviṣṭaḥ	full of wonder	Gita 11.14
vismayaḥ	astonishment	Gita 18.77
vismitāḥ	in wonder	Gita 11.22
vistarasya	extensive glories	Gita 10.19
vistaraśaḥ	in detail; at great length	Gita 11.2; Gita 16.6
vistaraḥ	the breath of the topic	Gita 10.40
vistareṇa	in detail	Gita 10.18
vistāram	born from	Gita 13.31
visṛjan	giving up; by giving up	Gita 5.8; Gita 5.9
visṛjya	casting aside	Gita 1.47
visṛjāmi	manifest; generate	Gita 9.7; Gita 9.8
vitatāḥ	have been described	Gita 4.32
vitta-īśaḥ	the god of wealth and the treasurer of the celestial gods	Gita 10.23
vivardhanāḥ	increase	Gita 17.8
vivarjitam	devoid of	Gita 7.11; Gita 13.15
vivasvataḥ	Vivasvan, the sun-god	Gita 4.4
vivasvate	to the Sun-god	Gita 4.1
vivasvān	Sun-god	Gita 4.1
vividhaiḥ	various	Gita 13.5
vividhāḥ	various; many	Gita 17.25; Gita 18.14
vivikta	solitary	Gita 13.11
vivikta-sevī	relishing solitude	Gita 18.52
vivṛddham	predominates	Gita 14.11
vivṛddhe	when predominates; when dominates	Gita 14.12; Gita 14.13
viyuktaiḥ	free	Gita 2.64
viśanti	enter; return; are entering; entering	Gita 8.11; Gita 9.21; Gita 11.21; Gita 11.26; Gita 11.27; Gita 11.28; Gita 11.29
viśate	enters	Gita 18.55
viśiṣṭāḥ ye	those who are distinguished	Gita 1.7
viśuddha-ātmā	one with purified intellect	Gita 5.7
viśuddhayā	purified	Gita 18.51
viśva-īśvaram ajam	unborn Lord of the universe	VS · Phala Śruti 22
viśvamūrtiḥ	He whose divine form encompasses the entire universe (Visvarupa)	VS · Shloka 77
viśve	the Vishvadevas	Gita 11.22
viśwa-mūrte	universal form	Gita 11.46
viśwa-rūpa	universal form	Gita 11.16
viśwa-īśwara	The Lord of the universe	Gita 11.16
viśwam	the universe; cosmic	Gita 11.38; Gita 11.47
viśwasya	of the creation; universe	Gita 11.18; Gita 11.38
viśwataḥ	all sides	Gita 11.11
viśwataḥ-mukham	the cosmic form	Gita 9.15
viśwataḥ-mukhaḥ	Brahma	Gita 10.33
viśāla	enormous	Gita 11.24
viśālam	vast	Gita 9.21
viśām	the mercantile and farming class	Gita 18.41
viṣam iva	like poison; like    poison	Gita 18.36; Gita 18.37; Gita 18.38
viṣamaḥ	Incomparable One, having no equal or parallel in all the cosmic realms	VS · Shloka 79
viṣame	in this hour of peril	Gita 2.2
viṣaya	objects of the senses; with the sense objects	Gita 15.2; Gita 18.38
viṣayān	sense objects; objects of the senses; objects of sense-gratification	Gita 2.62; Gita 2.64; Gita 4.26; Gita 15.9; Gita 18.51
viṣayāḥ	subject matter; objects for senses	Gita 2.45; Gita 2.59
viṣādam	despair	Gita 18.35
viṣādī	unhappy and morose	Gita 18.28
viṣīdan	despondent	Gita 1.28
viṣīdantam	grief-stricken; to the grief-stricken	Gita 2.1; Gita 2.10
viṣṇo	Lord Vishnu	Gita 11.24; Gita 11.30
viṣṇoḥ nāma-sahasrakam	the thousand names of Viṣṇu	VS · Phala Śruti 26
viṣṭabhya	pervade and support	Gita 10.42
viṣṭhitam	dwells	Gita 13.18
vraja	take	Gita 18.66
vrajeta	walks	Gita 2.54
vyagraḥ	Ever intent and actively engaged in fulfilling the welfare of His devotees	VS · Shloka 81
vyakta	manifest	Gita 2.28
vyaktayaḥ	the manifested	Gita 8.18
vyaktim	possessing a personality; personality	Gita 7.24; Gita 10.14
vyapeta-bhīḥ	free from fear	Gita 11.49
vyapāśrayaḥ	to depend upon	Gita 3.18
vyapāśritya	take refuge	Gita 9.32
vyathayanti	distressed	Gita 2.15
vyathiṣṭhāḥ	be disturbed	Gita 11.34
vyathā	afraid	Gita 11.49
vyatitariṣyati	crosses	Gita 2.52
vyatītāni	have passed	Gita 4.5
vyavasitaḥ	resolve	Gita 9.30
vyavasthitau	situated; in determining	Gita 3.34; Gita 16.24
vyavasthitiḥ	steadfastness	Gita 16.1
vyavasthitān dṛṣṭvā	seeing them arrayed	Gita 1.20
vyavasāya-ātmikā	resolute	Gita 2.41; Gita 2.44
vyudasya	casting aside	Gita 18.51
vyādhi	disease	Gita 13.9
vyādiśaḥ	Commanding and directing all cosmic deities in their respective duties	VS · Shloka 100
vyāharan	chanting	Gita 8.13
vyāmiśreṇa iva	by your apparently ambiguous	Gita 3.2
vyāptam	pervaded	Gita 11.20
vyāpya	pervade	Gita 10.16; VS · Phala Śruti 20
vyāsa-prasādāt	by the grace of Ved Vyas	Gita 18.75
vyāsaḥ	Vyās; Ved Vyas	Gita 10.13; Gita 10.37
vyāsena kīrtitam	proclaimed by Vyāsa	VS · Phala Śruti 21
vyātta	open	Gita 11.24
vyūḍham	arrayed	Gita 1.2
vyūḍhām	arrayed	Gita 1.3
vā	or; or else; or even	Gita 2.6; Gita 2.20; Gita 2.26; Gita 2.37; Gita 6.32; Gita 8.6; Gita 10.41; Gita 15.10; Gita 17.19; Gita 17.21; Gita 18.15; Gita 18.24; Gita 18.40; Gita 11.41; VS · Yudhiṣṭhira uvāca
vācam	words	Gita 2.42
vācyam	to be spoken	Gita 18.67
vādaḥ	the logical conclusion	Gita 10.32
vādinaḥ	advocate	Gita 2.42
vājasanaḥ	The generous provider of food, sustenance, and spiritual nourishment (Vaja) to all	VS · Shloka 85
vāk	fine speech; speech	Gita 10.34; Gita 18.52
vākyam	words	Gita 2.1; Gita 17.15; Gita 1.21
vākyena	words	Gita 3.2
vārṣṇeya	O descendant of Vṛṣṇi; he who belongs to the Vrishni clan, Shree Krishna	Gita 1.41; Gita 3.36
vāsanāt vāsudevasya	by the abiding presence of Vāsudeva	VS · Phala Śruti 25
vāsavaḥ	Indra	Gita 10.22
vāsitam te jagat-trayam	the three worlds are permeated by You	VS · Phala Śruti 25
vāsudeva namaḥ astu te	salutations to You, O Vāsudeva	VS · Phala Śruti 25
vāsudeva-bhaktānām	for devotees of Vāsudeva	VS · Phala Śruti 11
vāsudeva-parāyaṇaḥ	devoted to Him	VS · Phala Śruti 10
vāsudeva-ātmakāni	are of the nature of Vāsudeva	VS · Phala Śruti 16
vāsudeva-āśrayaḥ	refuge in Vāsudeva	VS · Phala Śruti 10
vāsudevasya	of Shree Krishna	Gita 18.74
vāsudevasya vīryeṇa vidhṛtāni	are upheld by Vāsudeva’s power	VS · Phala Śruti 14
vāsukiḥ	serpent Vasuki	Gita 10.28
vāsānsi	garments	Gita 2.22
vāyoḥ	of the wind	Gita 6.34
vāṅ-mayam	of speech	Gita 17.15
vāṇijyam	commerce	Gita 18.44
vīkṣante	are beholding	Gita 11.22
vīryam tejaḥ	valour and splendour	VS · Phala Śruti 7
vīryavān	valiant; powerful	Gita 1.5; Gita 1.6
vīta	free from; freed from	Gita 2.56; Gita 4.10
vīta-rāgāḥ	free from attachment	Gita 8.11
vītabhayaḥ	Completely fearless, being the sovereign Lord of all, and freeing devotees from fear	VS · Shloka 98
vṛjinam	sin	Gita 4.36
vṛka-udaraḥ	wolf-bellied / Bhīma	Gita 1.15
vṛtti-sthāḥ	engaged in activities	Gita 14.18
vṛṣṇīnām	amongst the descendants of Vrishni	Gita 10.37
yadi	if	Gita 1.46; Gita 2.6; Gita 3.23; Gita 6.32; Gita 11.4; Gita 11.12; Gita 1.38
yaduśreṣṭhaḥ	The foremost and greatest among the Yadu dynasty as Sri Krishna	VS · Shloka 75
yadvat	as	Gita 2.70
yadā	when	Gita 2.52; Gita 2.53; Gita 2.55; Gita 2.58; Gita 6.4; Gita 6.18; Gita 13.31; Gita 14.11; Gita 14.14; Gita 14.19; Gita 4.7
yadṛcchayā	unsought	Gita 2.32
yadṛcchā	which comes of its own accord	Gita 4.22
yajamānaḥ	and offering sacrifice	VS · Pūrva Pīṭhikā 11
yajantaḥ	worship	Gita 9.15
yajante	worship; perform sacrifice	Gita 4.12; Gita 9.23; Gita 16.17; Gita 17.1; Gita 17.4
yajanti	worship	Gita 9.23
yajuḥ	the Yajur Veda	Gita 9.17
yajvā	The supreme Performer of sacred cosmic sacrifices for universal protection	VS · Shloka 104
yajña	sacrifices; sacrifice	Gita 4.30; Gita 5.29; Gita 17.24; Gita 17.25; Gita 18.3; Gita 18.5
yajña-arthāt	for the sake of sacrifice	Gita 3.9
yajña-bhāvitāḥ	satisfied by sacrifice	Gita 3.12
yajña-kṣapita	being cleansed by performances of sacrifices	Gita 4.29
yajña-sādhanaḥ	The ultimate Means through which all sacred rituals attain their true spiritual fruition	VS · Shloka 105
yajña-vidaḥ	knowers of sacrifices; conversant   with the purpose of performing	Gita 4.29; Gita 4.30
yajña-vāhanaḥ	He who carries the sacred offerings of devotees to their true spiritual fulfillment	VS · Shloka 104
yajña-śiṣṭa	of remnants of food offered in sacrifice	Gita 3.13
yajña-śiṣṭa amṛta-bhujaḥ	they partake of the nectarean remnants of sacrifice	Gita 4.31
yajñabhug	The enjoyer of the fruits and oblations offered in all holy rituals	VS · Shloka 104
yajñabhṛd	The supporter, protector, and sustainer of all sacred sacrifices and rituals	VS · Shloka 104
yajñaiḥ	through sacrifices; sacrifices	Gita 9.20; Gita 16.17
yajñakṛd	The original Author and creator of the institution of sacred Yajna	VS · Shloka 104
yajñam	sacrifice	Gita 4.25; Gita 17.12; Gita 17.13
yajñapatiḥ	The supreme Lord and Master of all sacrificial rites and oblations	VS · Shloka 104
yajñe	in sacrifice	Gita 3.15; Gita 17.27
yajñena	by sacrifice	Gita 4.25
yajñena-tena	through the sacrifice of knowledge	Gita 18.70
yajñeṣu	in performance of sacrifices	Gita 8.28
yajñi	The supreme Recipient for whose pleasure all sacred sacrifices are performed	VS · Shloka 104
yajñāngaḥ	He whose transcendental limbs personify all the sacred elements and mantras of Yajna	VS · Shloka 104
yajñāntakṛd	The bestower of the final ultimate reward of all sacrifices: eternal liberation (Moksha)	VS · Shloka 105
yajñānām	sacrifices; of sacrifices	Gita 9.24; Gita 10.25
yajñāt	from the performance of sacrifice; than the sacrifice	Gita 3.14; Gita 4.33
yajñāya	as a sacrifice (to God)	Gita 4.23
yajñāḥ	sacrifices; sacrifice	Gita 3.10; Gita 4.32; Gita 17.23
yakṣa	amongst the semi-divine demons; the Yakshas; semi-celestial beings who exude power and wealth	Gita 10.23; Gita 11.22; Gita 17.4
yakṣye	I shall perform sacrifices	Gita 16.15
yantra ārūḍhani	seated on a machine	Gita 18.61
yasmin	in which; where; and into whom	Gita 6.22; Gita 15.4; VS · Pūrva Pīṭhikā 17
yasyām	in which	Gita 2.69
yat	in that; what; which; whichever; whatever; where; as; that which; that   which; that; if; The self-evident Supreme Reality referred to by the pronoun 'That' in Vedic texts; whether	Gita 1.45; Gita 2.7; Gita 2.8; Gita 2.67; Gita 3.21; Gita 4.16; Gita 4.35; Gita 5.1; Gita 5.5; Gita 5.21; Gita 6.21; Gita 6.42; Gita 7.2; Gita 8.11; Gita 8.17; Gita 8.28; Gita 9.1; Gita 9.27; Gita 10.1; Gita 10.14; Gita 10.39; Gita 11.1; Gita 11.7; Gita 11.37; Gita 11.41; Gita 11.42; Gita 11.47; Gita 11.52; Gita 13.3; Gita 13.4; Gita 13.12; Gita 13.13; Gita 14.1; Gita 15.6; Gita 15.8; Gita 15.12; Gita 17.10; Gita 17.12; Gita 17.15; Gita 17.18; Gita 17.19; Gita 17.20; Gita 17.21; Gita 17.22; Gita 17.28; Gita 18.8; Gita 18.9; Gita 18.15; Gita 18.21; Gita 18.22; Gita 18.23; Gita 18.24; Gita 18.25; Gita 18.36; Gita 18.37; Gita 18.38; Gita 18.39; Gita 18.40; Gita 18.59; Gita 18.60; VS · Shloka 78; Gita 2.6; Gita 10.41; VS · Pūrva Pīṭhikā 14
yat akṣara-pada-bhraṣṭam	whatever syllable or word is faulty	VS · Kṣamā Prārthanā
yat yat karomi sakalam	whatever I do	VS · Samargaṇa
yat-prabhāvaḥ	what his powers are	Gita 13.4
yat-vikāri	how change takes place in it	Gita 13.4
yat-śraddhaḥ	whatever the nature of their faith	Gita 17.3
yata	controlled; controls	Gita 4.21; Gita 5.27; Gita 5.28; Gita 18.52
yata-cetasām	those self-realized persons who have subdued their mind	Gita 5.26
yata-citta	controlling the mind	Gita 6.12
yata-citta-ātmā	with a controlled mind and body	Gita 6.10
yata-cittasya	whose mind is disciplined	Gita 6.19
yata-ātmānaḥ	whose minds are disciplined	Gita 5.25
yatamānaḥ	endeavoring	Gita 6.45
yatantaḥ	striving; strive	Gita 9.14; Gita 15.11
yatanti	strive	Gita 7.29
yatataḥ	while practicing self-control	Gita 2.60
yatate	strives	Gita 6.43
yatati	strives	Gita 7.3
yatatā	one who strives	Gita 6.36
yatatām	of those who strive	Gita 7.3
yatayaḥ	these ascetics; great ascetics	Gita 4.28; Gita 8.11
yathā	as; as much as; just as; in whatever way; how	Gita 2.13; Gita 2.22; Gita 3.25; Gita 3.38; Gita 4.11; Gita 4.37; Gita 6.19; Gita 7.1; Gita 9.6; Gita 11.3; Gita 11.28; Gita 11.29; Gita 11.53; Gita 13.33; Gita 13.34; Gita 18.45; Gita 18.50; Gita 18.63
yathā-bhāgam avasthitāḥ	stationed in your respective places	Gita 1.11
yathā-vat	as they are	Gita 18.19
yatra	when; wherein; where; in which; wherever	Gita 6.20; Gita 6.21; Gita 8.23; Gita 18.36; Gita 18.78; VS · Phala Śruti 29
yatīnām	of the saintly persons	Gita 5.26
yauvanam	youth	Gita 2.13
yayajñaguhyam	The profound inner Secret and transcendental essence of all sacred sacrifices	VS · Shloka 105
yayā	by which; by whom; which; in which	Gita 2.39; Gita 7.5; Gita 18.31; Gita 18.33; Gita 18.34; Gita 18.35
yaśaḥ	fame; honor	Gita 10.5; Gita 11.33
yaśaḥ vipulam	great fame	VS · Phala Śruti 6
yaḥ ca api parikīrtayet	and who recites	VS · Phala Śruti 2
yaḥ icchet śreyaḥ sukhāni	who desires the highest good and happiness	VS · Phala Śruti 21
yaḥ mām nāma-sahasreṇa stotum icchati	who wishes to praise Me with the thousand names	VS · Phala Śruti 24
yaṣṭavyam-eva-iti	ought to be offered	Gita 17.11
ye bhajanti puṣkara-akṣam	who worship the lotus-eyed	VS · Phala Śruti 22
ye ete atra samāgatāḥ	who have gathered here	Gita 1.23
yeṣām	for whom; whose; from them	Gita 2.35; Gita 5.16; Gita 5.19; Gita 7.28; Gita 10.6
yeṣām arthe	for whose sake	Gita 1.33
yoddhavyam	battle must be joined	Gita 1.22
yoddhu-kāmān avasthitān	standing eager to fight	Gita 1.22
yodha-mukhyaiḥ	generals	Gita 11.26
yodha-vīrān	brave warriors	Gita 11.34
yodhāḥ	the warriors	Gita 11.32
yoga	practice of yog; supply spiritual assets; spiritual	Gita 4.38; Gita 9.22; Gita 16.1
yoga ārūḍhasya	of those who are elevated in Yog	Gita 6.3
yoga-balena	through the power of yog	Gita 8.10
yoga-bhraṣṭaḥ	the unsuccessful yogis	Gita 6.41
yoga-dhāraṇām	the yogic concentration	Gita 8.12
yoga-kṣemam vahāmi aham	I carry their attainment and welfare	VS · Phala Śruti 30
yoga-māyā	God’s supreme (divine) energy	Gita 7.25
yoga-sannyasta-karmāṇam	those who renounce ritualistic karm, dedicating their body, mind, and soul to God	Gita 4.41
yoga-sansiddhim	the highest perfection in yog	Gita 6.37
yoga-saṃjñitam	is known as yog	Gita 6.23
yoga-sevayā	by the practice of yog	Gita 6.20
yoga-sthaḥ	being steadfast in yog	Gita 2.48
yoga-yajñāḥ	performance of eight-fold path of yogic practices as sacrifice	Gita 4.28
yoga-yukta-ātmā	one united in consciousness with God	Gita 6.29
yoga-yuktaḥ	one who is adept in karm yog; united in consciousness with God; situated in Yog	Gita 5.6; Gita 5.7; Gita 8.27
yoga-ārūḍhaḥ	elevated in the science of Yog	Gita 6.4
yoga-īśvara	Lord of all mystic powers	Gita 11.4
yoga-īśvaraḥ	Shree Krishna, the Lord of Yog	Gita 18.78; VS · Phala Śruti 29
yoga-īśvarāt	from the Lod of Yog	Gita 18.75
yogaiḥ	by working in devotion	Gita 5.5
yogam	Yog; the science of Yog; in karm yog; about karm yog; karm yog; yog; in meditation; bhakti yog; divine powers; divine glories	Gita 2.53; Gita 4.1; Gita 4.42; Gita 5.1; Gita 5.5; Gita 6.2; Gita 6.3; Gita 6.19; Gita 7.1; Gita 10.7; Gita 10.18; Gita 18.75; Gita 9.5; Gita 11.8
yogasya	about yog	Gita 6.44
yogau	karm yog	Gita 5.4
yogaḥ jñānam sāṅkhyam	yoga, knowledge, Sāṅkhya	VS · Phala Śruti 19
yogena	in bhakti yog; the yog system; through Yog	Gita 10.7; Gita 13.25; Gita 18.33
yogin	the Supreme Master of Yogmaya	Gita 10.17
yoginam	yogi	Gita 6.27
yoginām	of the yogis; of those endowed with divine wisdom; of all yogis	Gita 3.3; Gita 6.42; Gita 6.47
yogāt	from Yog	Gita 6.37
yogāya	for Yog	Gita 2.50
yogīśaḥ	The supreme Lord and Master of all great yogis, sages, and enlightened masters	VS · Shloka 91
yoktavyaḥ	should be practiced	Gita 6.23
yonayaḥ	source of	Gita 5.22
yonim	wombs	Gita 16.20
yoniṣu	species of life; in to the wombs	Gita 14.4; Gita 16.19
yotsyamānān avekṣe aham	I would observe those about to fight	Gita 1.23
yuddha-viśāradāḥ	skilled in war	Gita 1.9
yuddham	war	Gita 2.32
yuddhe priya-cikīrṣavaḥ	wishing to please him in battle	Gita 1.23
yuddhāt	than fighting	Gita 2.31
yuddhāya	for fight; for fighting	Gita 2.37; Gita 2.38
yudhi	in battle	Gita 1.4
yudhya	fight	Gita 8.7
yudhyasva	fight	Gita 2.18; Gita 3.30; Gita 11.34
yudhāmanyuḥ	and Yudhāmanyu	Gita 1.6
yuga	age	Gita 8.17
yuga-sahasra-antām	lasts one thousand yugas	Gita 8.17
yugapat	simultaneously	Gita 11.12
yuge yuge	age after age	Gita 4.8
yujyasva	engage; strive for	Gita 2.38; Gita 2.50
yujyate	becomes united; is used	Gita 10.7; Gita 17.26
yujyeta	is endowed with	VS · Phala Śruti 12
yukta	moderate; regulated	Gita 6.17
yukta ceṣṭasya karmasu	balanced in work	Gita 6.17
yukta-cetasaḥ	in full consciousness of me	Gita 7.30
yukta-tamaḥ	the highest yogi	Gita 6.47
yukta-ātmā	those who are united; having the mind attached to me	Gita 7.18; Gita 9.28
yuktaiḥ	steadfast	Gita 17.17
yuktasya	engaged	Gita 8.14
yuktaḥ	united; enlightened; yogis; steadfast in karm yog; one who is united in consciousness with God; yogi; one who is in constant communion with the Supreme; engaged; situated in perfect Yog; endowed with	Gita 2.39; Gita 2.61; Gita 3.26; Gita 4.18; Gita 5.8; Gita 5.12; Gita 5.23; Gita 6.8; Gita 6.14; Gita 6.18; Gita 7.22; Gita 8.10; Gita 18.51
yuktena	being constantly engaged in remembrance	Gita 8.8
yuktvā	united with me	Gita 9.34
yuyudhānaḥ	Yuyudhāna	Gita 1.4
yuyutsavaḥ	desiring to fight	Gita 1.1
yuyutsum	eager to fight	Gita 1.28
yuñjan	keeping the mind absorbed in God; uniting (the self with God); practicing	Gita 6.15; Gita 6.28; Gita 7.1
yuñjataḥ	steadily practicing	Gita 6.19
yuñjyāt yogam	should strive to practice yog	Gita 6.12
yuñjīta	should remain engaged in meditation	Gita 6.10
yā	which	Gita 2.69; Gita 18.30; Gita 18.32; Gita 18.50
yābhiḥ	by which	Gita 10.16
yādasām	amongst aquatics	Gita 10.29
yādṛk	its nature	Gita 13.4
yājinaḥ	devotees	Gita 9.25
yājī	worshipper	Gita 9.34
yām imām	all these	Gita 2.42
yām yām	whichever	Gita 7.21
yān	whom	Gita 2.6
yānti	follow; go; enter; attain; merge; approach	Gita 3.33; Gita 4.31; Gita 7.23; Gita 7.27; Gita 8.23; Gita 9.7; Gita 9.25; Gita 9.32; Gita 13.35; Gita 16.20; VS · Pūrva Pīṭhikā 17
yāsyasi	you will loose; you shall get	Gita 2.35; Gita 4.35
yāta-yāmam	stale foods	Gita 17.10
yāti	attains; achieves; one attains; goes; reach; attain	Gita 6.45; Gita 8.5; Gita 8.8; Gita 8.13; Gita 8.26; Gita 13.29; Gita 14.14; Gita 16.22; VS · Phala Śruti 10
yātrā	maintenance	Gita 3.8
yāvān	whatever; as much as	Gita 2.46; Gita 18.55
yāḥ	which	Gita 14.4
ā-brahma-bhuvanāt	up to the abode of Brahma	Gita 8.16
ābharaṇam	ornaments	Gita 11.10
ābhāsam	the perciever	Gita 13.15
ācaran	performing	Gita 3.19
ācarataḥ	performing	Gita 4.23
ācarati	does; endeavor	Gita 3.21; Gita 16.22
ācāra-prabhavaḥ dharmaḥ	dharma arises from conduct	VS · Phala Śruti 17
ācāraḥ	conduct	Gita 14.21; Gita 16.7
ācārya	O teacher	Gita 1.3
ācārya-upāsanam	service of the Guru	Gita 13.8
ācāryam upasaṅgamya	approaching the teacher	Gita 1.2
ācāryān	teachers	Gita 1.26
ācāryāḥ	teachers	Gita 1.34
ādarśaḥ	mirror	Gita 3.38
ādatte	accepts	Gita 5.15
ādau	in the very beginning; in the beginning	Gita 3.41; Gita 4.4
ādhipatyam	sovereignty	Gita 2.8
ādhāra-nilayaḥ	The ultimate Substratum supporting even the fundamental cosmic elements	VS · Shloka 102
ādhāya	dedicating; establish	Gita 5.10; Gita 8.12
ādi-devam	the Primal Being	Gita 10.12
ādi-kartre	to the original creator	Gita 11.37
ādim	the origin; beginning	Gita 9.13; Gita 11.16
āditya-gatam	in the sun	Gita 15.12
āditya-varṇam	effulgent like the sun	Gita 8.9
āditya-vat	like the sun	Gita 5.16
ādityān	the (twelve) sons of Aditi	Gita 11.6
ādityānām	amongst the twelve sons of Aditi	Gita 10.21
ādityāḥ	the Adityas	Gita 11.22
ādiḥ	the source; the beginning; beginning	Gita 10.2; Gita 10.20; Gita 10.32; Gita 15.3
ādya-antavantaḥ	having beginning and end	Gita 5.22
ādyam	original; the primeval; primeval	Gita 8.28; Gita 11.31; Gita 11.47; Gita 15.4
āgacchet	should become	Gita 3.34
āgama	come	Gita 2.14
āgatāḥ	attained; having attained	Gita 4.10; Gita 14.2
āha	spoke	Gita 11.35; Gita 1.21
āhave	in battle	Gita 1.31
āho	or	Gita 17.1
āhuḥ	are said; address; is called; (they) declare; is said; say	Gita 3.42; Gita 4.19; Gita 8.21; Gita 10.13; Gita 14.16; Gita 16.8
āhāra	eating	Gita 6.17
āhāraḥ	food	Gita 17.7
āhārāḥ	food intake; eating; food	Gita 4.29; Gita 4.30; Gita 17.8; Gita 17.9
ājyam	clarified butter	Gita 9.16
ākhyāhi	tell	Gita 11.31
ākhyātam	explained	Gita 18.63
ākula	distressed	Gita 2.1
ākāśa-sthitaḥ	rests in the sky	Gita 9.6
ākāśam	the space	Gita 13.33
ākṛtīni	shapes	Gita 11.5
ālasya	laziness; indolence	Gita 14.8; Gita 18.39
āmaya	disease	Gita 17.9
āmbara	garments	Gita 11.11
ānanam	mouths	Gita 11.24
āpannam	to have assumed	Gita 7.24
āpannaḥ	the afflicted	VS · Phala Śruti 8
āpannāḥ	gaining	Gita 16.20
āpaḥ	water; waters	Gita 2.23; Gita 2.70; Gita 7.4
āpnoti	attains; incurs; attain	Gita 2.70; Gita 3.19; Gita 4.21; Gita 5.12; Gita 18.50; Gita 18.47
āpnuvanti	attain	Gita 8.15
āpnuyām	may attain	Gita 3.2
āpūrya	filled with	Gita 11.30
āpūryamāṇam	filled from all sides	Gita 2.70
ārabhate	begins	Gita 3.7
ārabhyate	is begun	Gita 18.25
ārambha	enterprises	Gita 14.25
ārambhaḥ	exertion	Gita 14.12
ārjavam	simplicity; straightforwardness; integrity	Gita 13.8; Gita 16.1; Gita 17.14; Gita 18.42
ārogya	health	Gita 17.8
ārtaḥ	the distressed	Gita 7.16
ārtāḥ viṣaṇṇāḥ śithilāḥ bhītāḥ	the afflicted, dejected, weak, and frightened	VS · Phala Śruti 32
ārurukṣoḥ	a beginner	Gita 6.3
ārādhanam	worship	Gita 7.22
āsakta-manāḥ	with the mind attached	Gita 7.1
āsam	exist	Gita 2.12
āsana	while sitting	Gita 11.42
āsanam	seat	Gita 6.11
āsane	on the seat	Gita 6.12
āste	remain; remains	Gita 3.6; Gita 5.13
āsthitaḥ	being situated; established; situated; situated (in)	Gita 5.4; Gita 6.31; Gita 7.18; Gita 8.12
āsthitāḥ	attained	Gita 3.20
āsthāya	following	Gita 7.20
āstikyam	belief in a hereafter	Gita 18.42
āsura-niścayān	of demoniacal resolves	Gita 17.6
āsuram	demoniac; the demoniac	Gita 7.15; Gita 16.6
āsuraḥ	demoniac	Gita 16.6
āsurāḥ	those possessing demoniac nature	Gita 16.7
āsurī	demoniac qualities	Gita 16.5
āsurīm	atheistic; demoniac	Gita 9.12; Gita 16.4; Gita 16.20
āsurīṣu	demoniac	Gita 16.19
āsādya	attain	Gita 9.20
āsīnam	situated	Gita 9.9
āsīnaḥ	situated	Gita 14.23
āsīta	sits; seated; should sit	Gita 2.54; Gita 2.61; Gita 6.14
ātiṣṭha	take shelter	Gita 4.42
ātma	of the self; your own; self	Gita 5.11; Gita 10.16; Gita 18.37
ātma viśuddhaye	for purification of the mind	Gita 6.12
ātma-aupamyena	similar to oneself	Gita 6.32
ātma-bhāva	within their hearts	Gita 10.11
ātma-buddhi	situated in self-knowledge	Gita 18.36
ātma-kāraṇāt	for their own sake	Gita 3.13
ātma-māyayā	by my Yogmaya power	Gita 4.6
ātma-para-deheṣu	within one’s own and bodies of others	Gita 16.18
ātma-ratiḥ	rejoice in the self	Gita 3.17
ātma-sambhāvitāḥ	self-conceited	Gita 16.17
ātma-sanstham	fixed in God	Gita 6.25
ātma-sanstutiḥ	praise	Gita 14.24
ātma-sanyama yogāgnau	in the fire of the controlled mind	Gita 4.27
ātma-sukha kṣānti śrī dhṛti smṛti kīrti	inner joy, forbearance, prosperity, fortitude, memory, and fame	VS · Phala Śruti 12
ātma-tṛptaḥ	self-satisfied	Gita 3.17
ātma-vantam	situated in knowledge of the self	Gita 4.41
ātma-vaśyaiḥ	controlling one’s mind	Gita 2.64
ātma-vibhūtayaḥ	my divine glories	Gita 10.19
ātma-vinigrahaḥ	self-control	Gita 13.8; Gita 17.16
ātma-yogāt	by my Yogmaya power	Gita 11.47
ātmakam	natural	Gita 18.44
ātmanaḥ	of the self; for the person; his own; on the Supreme; your; self; soul; one’s own self	Gita 4.42; Gita 5.16; Gita 6.5; Gita 6.6; Gita 6.11; Gita 6.19; Gita 8.12; Gita 10.18; Gita 16.21; Gita 16.22; Gita 17.19; Gita 18.39
ātmani	of the self; in the self; within me (Shree Krishna); wihtin the heart; on God; in God; within one’s heart; in the body	Gita 2.55; Gita 3.17; Gita 4.35; Gita 4.38; Gita 5.21; Gita 6.18; Gita 6.20; Gita 6.26; Gita 6.29; Gita 13.25; Gita 15.11
ātmanā	by the purified mind; by higher self (soul); through the mind; for the person; through the purified mind; with the mind; by yourself; by the mind; by one’s mind	Gita 2.55; Gita 3.43; Gita 6.5; Gita 6.6; Gita 6.20; Gita 6.47; Gita 10.15; Gita 13.25; Gita 13.29; VS · Samargaṇa
ātmayoniḥ	Self-caused and uncreated, existing eternally in His own independent majesty	VS · Shloka 106
ātmā	a person; the mind; mind; self; soul; the soul; my very self	Gita 4.40; Gita 6.5; Gita 6.6; Gita 6.14; Gita 9.5; Gita 10.20; Gita 13.32; Gita 13.33; Gita 7.18
ātmānam	the lower self (senses, mind, and intellect); self; the self; the mind; the soul; Supreme Soul; your mind and body; yourself; the Supreme soul; (embodied) soul; the intellect	Gita 3.43; Gita 4.7; Gita 6.5; Gita 6.10; Gita 6.15; Gita 6.20; Gita 6.28; Gita 6.29; Gita 9.34; Gita 10.15; Gita 11.3; Gita 11.4; Gita 13.25; Gita 13.29; Gita 13.30; Gita 18.16; Gita 18.51
ātmānaḥ	souls	Gita 16.9
āttha	have spoken	Gita 11.3
ātyantikam	limitless	Gita 6.21
āvartate	comes back	Gita 8.26
āvayoḥ	of ours	Gita 18.70
āviśya	permeating; enters	Gita 15.13; Gita 15.17
āviṣṭam	overwhelmed	Gita 2.1
āvriyate	is covered	Gita 3.38
āvṛtam	is covered; covered	Gita 3.38; Gita 3.39; Gita 5.15
āvṛtaḥ	is covered	Gita 3.38
āvṛttim	return	Gita 8.23
āvṛtya	clouds; pervades	Gita 3.40; Gita 13.14; Gita 14.9
āvṛtāḥ	veiled	Gita 18.48
āyudham	weapons	Gita 11.10
āyudhānām	amongst weapons	Gita 10.28
āyuḥ sattva	which promote longevity	Gita 17.8
āśaya-sthitaḥ	seated in the heart	Gita 10.20
āśayāt	from seats	Gita 15.8
āścarya-mayam	wonderful	Gita 11.11
āścarya-vat	as amazing; similarly amazing	Gita 2.29
āścaryāṇi	marvels	Gita 11.6
āśramaḥ	The supreme Sanctuary and resting haven where all souls find peace from Samsara	VS · Shloka 91
āśritam	take on	Gita 9.11
āśritaḥ	situated	Gita 15.14
āśritya	take shelter in; harboring; taking shelter	Gita 7.29; Gita 16.10; Gita 18.59
āśritāḥ	surrender; take shelter of	Gita 7.15; Gita 9.13
āśu	soon	Gita 2.65
āśvāsayām āsa	consoled	Gita 11.50
āśā-pāśa	bondage of desires	Gita 16.12
āḍhyaḥ	wealthy	Gita 16.15
īdṛk	such	Gita 11.49
īdṛśam	such; like this	Gita 2.32; Gita 6.42
īhante	strive	Gita 16.12
īhate	tries to engange in	Gita 7.22
īkṣate	sees; one sees	Gita 6.29; Gita 18.20
īkṣaṇam	eyes	Gita 2.1
īśam	Shiv; the Supreme Lord	Gita 11.15; Gita 11.44; VS · Dhyānam 2
īśvara	leadership	Gita 18.43
īśvaram	God as the Supreme soul	Gita 13.29
īḍyam	adorable	Gita 11.44
śabda-brahma	fruitive portion of the Vedas	Gita 6.44
śabda-ādīn	sound vibration, etc	Gita 4.26; Gita 18.51
śabdasahaḥ	He who joyfully accepts and listens to all Vedic hymns, prayers, and mantras of devotees	VS · Shloka 97
śabdaḥ	sound	Gita 7.8
śabdātigaḥ	Transcending the finite limits of worldly speech, revealed fully through divine grace	VS · Shloka 97
śaibyaḥ	and Śaibya	Gita 1.5
śaknoti	is able	Gita 5.23
śakyam	possible	Gita 11.4; Gita 18.11
śakyase	you can	Gita 11.8
śakyaḥ	possible; it is possible	Gita 6.36; Gita 11.48; Gita 11.53; Gita 11.54
śamam	mental peace	Gita 11.24
śamaḥ	meditation; control of the mind; tranquility	Gita 6.3; Gita 10.4; Gita 18.42
śanaiḥ	gradually	Gita 6.25
śansasi	you praise	Gita 5.1
śaraṇam gaccha	surrender	Gita 18.62
śarvarīkaraḥ	He who brings the peaceful night of rest and causes cosmic dissolution (Pralaya)	VS · Shloka 97
śarīra	bodily; the body	Gita 3.8; Gita 5.23
śarīra-stham	within the body; dwelling in the body	Gita 17.6
śarīra-sthaḥ	dwelling in the body	Gita 13.32
śarīra-vāk-manobhiḥ	with body, speech, or mind	Gita 18.15
śarīram	body; the body	Gita 13.2; Gita 15.8
śarīre	when the body; in the body	Gita 2.20; Gita 11.13; Gita 1.29
śarīriṇaḥ	of the embodied soul	Gita 2.18
śarīrāṇi	bodies	Gita 2.22
śastra-bhṛtām	of the carriers of weapons	Gita 10.31
śastra-pāṇayaḥ	with weapons in hand	Gita 1.46
śastrāṇi	weapons	Gita 2.23
śataiḥ	by hundreds	Gita 16.12
śatamūrtiḥ	Manifesting in hundreds of divine avataric forms for cosmic protection	VS · Shloka 77
śataśaḥ	by the hundreds	Gita 11.5
śatrau ca mitre	toward enemy and friend	Gita 12.18
śatru-vat	like an enemy	Gita 6.6
śatrujit	The conqueror of all hostile forces, both external demons and internal spiritual vices	VS · Shloka 88
śatrum	the enemy	Gita 3.43
śatrutve	for an enemy	Gita 6.6
śatrutāpanaḥ	He who scorches and subdues the enemies of Dharma and righteousness with His divine power	VS · Shloka 88
śatruḥ	enemy	Gita 16.14
śatrūn	foes	Gita 11.33
śatānanaḥ	Having hundreds of faces in His cosmic form, gazing in all directions	VS · Shloka 77
śaucam	cleanliness of body and mind; cleanliness; purity	Gita 13.8; Gita 16.3; Gita 16.7; Gita 17.14; Gita 18.42
śauryam	valor	Gita 18.43
śayyā	while resting	Gita 11.42
śaśa-aṅkaḥ	the moon-God	Gita 11.39
śaśi-sūryayoḥ	of the moon and the sun	Gita 7.8
śaśvat-śāntim	lasting peace	Gita 9.31
śaśāṅkaḥ	the moon	Gita 15.6
śaśī	the moon	Gita 10.21
śaṅkaraḥ	Lord Shiv	Gita 10.23
śaṅkhabhṛt	Wielder of the celestial conch Panchajanya whose resonant sound proclaims divine victory	VS · Shloka 107
śaṅkham dadhmau	blew his conch	Gita 1.12
śaṅkhān dadhmuḥ	blew their conches	Gita 1.18
śaṅkhāḥ ca bheryaḥ	conches and kettledrums	Gita 1.13
śaṅkhī	conch	VS · Shloka 108
śaṭhaḥ	cunning	Gita 18.28
śikhariṇām	amongst the mountains	Gita 10.23
śirasā	with (his) head	Gita 11.14; VS · Dhyānam 6
śiraḥ	head; heads	Gita 6.13; Gita 13.14; VS · Dhyānam 2
śiśiraḥ	Cool and comforting, soothing the intense suffering of souls in the worldly heat	VS · Shloka 97
śiṣyaḥ	disciple	Gita 2.7
śocati	grieving	Gita 18.54; Gita 12.17
śocitum	grieve; lament; mourn	Gita 2.26; Gita 2.27; Gita 2.30
śoka	grief	Gita 17.9
śoka-saṃvigna-mānasaḥ	his mind overwhelmed with grief	Gita 1.47
śokam	anguish; grieving	Gita 2.8; Gita 18.35
śoṣayati	dry	Gita 2.23
śraddhayā	with faith; faith	Gita 6.37; Gita 7.21; Gita 7.22; Gita 17.17; Gita 9.23; Gita 17.1; Gita 12.2
śraddhā	faith	Gita 17.2; Gita 17.3; Gita 17.13
śraddhā-bhakti-samanvitaḥ	with faith and devotion	VS · Phala Śruti 12
śraddhā-vantaḥ	with profound faith	Gita 3.31
śraddhā-vān	a faithful person; with great faith; faithful	Gita 4.39; Gita 6.47; Gita 18.71
śraddhām	faith	Gita 7.21
śraddhāmayaḥ	possessing faith	Gita 17.3
śramaṇaḥ	He who makes the non-devoted labor in vain while bringing peace to the devoted	VS · Shloka 91
śreyān	better; superior	Gita 3.35; Gita 4.33; Gita 18.47
śri-bhagavān uvāca	the Supreme Lord said	Gita 3.37
śritāḥ	take shelter	Gita 9.12
śrotavyasya	to what is yet to be heard	Gita 2.52
śrotra-ādīni	such as the hearing process	Gita 4.26
śrotram	ears	Gita 15.9
śrotum icchāmi	I wish to hear	VS · Phala Śruti 26
śrutam	heard	Gita 18.72
śrutasya	to what has been heard	Gita 2.52
śrutau	have heard	Gita 11.2
śrutavān	have heard	Gita 18.75
śruti-mat	having ears	Gita 13.14
śruti-parāyaṇāḥ	devotion to hearing (from saints)	Gita 13.26
śruti-vipratipannā	not allured by the fruitive sections of the Vedas	Gita 2.53
śrī rāma rāma rāma iti	the name "Rāma, Rāma, Rāma"	VS · Phala Śruti 27
śrī-mat	beautiful	Gita 10.41
śrī-matām	of the prosperous	Gita 6.41
śrīḥ	prospective; opulence	Gita 10.34; Gita 18.78; VS · Phala Śruti 29
śubha	good	Gita 2.57
śubha aśubha phalaiḥ	from good and bad results	Gita 9.28
śubhān	the auspicious	Gita 18.71
śucau	in a clean	Gita 6.11
śucaḥ	grieve; fear	Gita 16.5; Gita 18.66
śucīnām	of the pious	Gita 6.41
śuddhaye	for the purification	Gita 5.11
śukla	bright	Gita 8.26
śuklaḥ	the bright fortnight of the moon	Gita 8.24
śuni	a dog	Gita 5.18
śva-pāke	a dog-eater	Gita 5.18
śvasan	breathing	Gita 5.8
śvaśurān	fathers-in-law	Gita 1.27
śvaśurāḥ	fathers-in-law	Gita 1.34
śvetaiḥ hayaiḥ yukte	yoked with white horses	Gita 1.14
śyālāḥ	brothers-in-law	Gita 1.34
śādhi	please instruct	Gita 2.7
śākham	branches	Gita 15.1
śākhāḥ	branches	Gita 15.2
śānta-rajasam	whose passions are subdued	Gita 6.27
śāntaḥ	peaceful	Gita 18.53
śāntim	peace; perfect peace	Gita 2.70; Gita 2.71; Gita 4.39; Gita 5.12; Gita 5.29; Gita 6.15; Gita 18.62
śārīram	bodily; of the body	Gita 4.21; Gita 17.14
śārṅga-dhanvā	Wielder of the mighty divine bow Sharnga representing the cosmic senses and strength	VS · Shloka 107
śārṅgī	Sharnga bow	VS · Shloka 108
śāstra	scriptures	Gita 16.24
śāstra-vidhim	scriptural injunctions	Gita 16.23; Gita 17.1
śāstram	Vedic scriptures; scriptures	Gita 15.20; Gita 16.24
śāśvata-dharma-goptā	protector of the eternal religion	Gita 11.18
śāśvatam	Eternal; the eternal; eternal	Gita 10.12; Gita 18.56; Gita 18.62
śāśvatasya	of the eternal	Gita 14.27
śāśvate	eternal	Gita 8.26
śāśvate puruṣāya	to the eternal Person	VS · Phala Śruti 28
śāśvatīḥ	many	Gita 6.41
śīta	winter; in cold	Gita 2.14; Gita 6.7
śūdrasya	of the worker class	Gita 18.44
śūdrāḥ	manual workers	Gita 9.32
śūdrāṇām	of the worker class	Gita 18.41
śūnyaḥ	Completely devoid of all material defects, flaws, and worldly limitations (Nirdosha)	VS · Shloka 79
śūrasenaḥ	Surrounded by a heroic, invincible army of devotees and celestial guardians	VS · Shloka 75
śūrāḥ	heroes	Gita 1.4; Gita 1.9
śṛṅgī	Bearing the mighty divine horn as Matsya and Varaha Avataras to rescue the world	VS · Shloka 85
śṛṇoti	hear	Gita 2.29
śṛṇu	listen; hear	Gita 2.39; Gita 7.1; Gita 10.1; Gita 13.4; Gita 16.6; Gita 17.2; Gita 17.7; Gita 18.4; Gita 18.19; Gita 18.29; Gita 18.36; Gita 18.45; Gita 18.64; VS · Pūrva Pīṭhikā 18
śṛṇuyāt	listen	Gita 18.71; VS · Phala Śruti 2
śṛṇvan	hearing	Gita 5.8
śṛṇvataḥ	hearing	Gita 10.18
ūrdhva-mūlam	with roots above	Gita 15.1
ūrdhvagaḥ	Exalted high above all material realms, dwelling in the highest transcendental abode (Vaikuntha)	VS · Shloka 102
ūrdhvam	upward	Gita 14.18; Gita 15.2; Gita 12.8
ūrjita-śāsanaḥ	He whose supreme commands and cosmic laws are mighty, glorious, and inviolable	VS · Shloka 97
ūrjitam	glorious	Gita 10.41
ūru	thighs	Gita 11.23
ṛcchati	attains	Gita 2.72; Gita 5.29
ṛddham	prosperous	Gita 2.8
ṛk	the Rig Veda	Gita 9.17
ṛtam	truth	Gita 10.14
ṛte	without	Gita 11.32
ṛtūnām	of all seasons	Gita 10.35
ṛṣayaḥ	holy persons; sages	Gita 5.25; Gita 10.13; VS · Phala Śruti 18
ṛṣibhiḥ	by great sages	Gita 13.5
ṛṣīn	sages	Gita 11.15
ṣaṣṭhāni	the six	Gita 15.7
ṣaṭ-māsāḥ	six months	Gita 8.24; Gita 8.25
